,authorname,cites,coauthor,fileID,filled,id_citations,source,title,year
0,Richard Thaler,16442,0,0aler,False,Tvzd5GgAAAAJ:1sJd4Hv_s6UC,citations,"Nudge: Improving decisions about health, wealth, and happiness",2008
1,Richard Thaler,16419,0,0aler,False,Tvzd5GgAAAAJ:HGTzPopzzJcC,citations,"Nudge: Improving Decisions about Health, Wealth and Happiness",2008
2,Richard Thaler,16335,0,0aler,False,Tvzd5GgAAAAJ:1taIhTC69MYC,citations,"Richard H. Thaler, Cass R. Sunstein, Nudge: Improving decisions about health, wealth, and happiness",2008
3,Richard Thaler,9758,0,0aler,False,Tvzd5GgAAAAJ:u5HHmVD_uO8C,citations,Does the stock market overreact?,1985
4,Richard Thaler,7147,0,0aler,False,Tvzd5GgAAAAJ:d1gkVwhDpl0C,citations,Toward a positive theory of consumer choice,1980
5,Richard Thaler,6986,0,0aler,False,Tvzd5GgAAAAJ:u-x6o8ySG0sC,citations,Mental accounting and consumer choice,1985
6,Richard Thaler,6004,0,0aler,False,Tvzd5GgAAAAJ:9yKSN-GCB0IC,citations,"Anomalies: The endowment effect, loss aversion, and status quo bias",1991
7,Richard Thaler,5344,0,0aler,False,Tvzd5GgAAAAJ:2osOgNQ5qMEC,citations,Experimental tests of the endowment effect and the Coase theorem,1990
8,Richard Thaler,4441,0,0aler,False,Tvzd5GgAAAAJ:qjMakFHDy7sC,citations,Fairness as a constraint on profit seeking: Entitlements in the market,1986
9,Richard Thaler,4374,0,0aler,False,Tvzd5GgAAAAJ:UeHWp8X0CEIC,citations,A survey of behavioral finance,2003
10,Richard Thaler,3846,0,0aler,False,Tvzd5GgAAAAJ:Y0pCki6q_DkC,citations,Mental accounting matters,1999
11,Richard Thaler,3641,0,0aler,False,Tvzd5GgAAAAJ:IjCSPb-OGe4C,citations,A behavioral approach to law and economics,1998
12,Richard Thaler,3577,0,0aler,False,Tvzd5GgAAAAJ:zYLM7Y9cAGgC,citations,Myopic loss aversion and the equity premium puzzle,1995
13,Richard Thaler,3170,0,0aler,False,Tvzd5GgAAAAJ:9pM33mqn1YgC,citations,An economic theory of self-control,1981
14,Richard Thaler,3136,0,0aler,False,Tvzd5GgAAAAJ:Tyk-4Ss8FVUC,citations,Further evidence on investor overreaction and stock market seasonality,1987
15,Richard Thaler,3055,0,0aler,False,Tvzd5GgAAAAJ:YsMSGLbcyi4C,citations,Fairness and the assumptions of economics,1986
16,Richard Thaler,2805,0,0aler,False,Tvzd5GgAAAAJ:LkGwnXOMwfcC,citations,Save more tomorrow™: Using behavioral economics to increase employee saving,2004
17,Richard Thaler,2795,0,0aler,False,Tvzd5GgAAAAJ:eQOLeE2rZwMC,citations,Gambling with the house money and trying to break even: The effects of prior outcomes on risky choice,1990
18,Richard Thaler,2546,0,0aler,False,Tvzd5GgAAAAJ:ufrVoPGSRksC,citations,Some empirical evidence on dynamic inconsistency,1981
19,Richard Thaler,2522,0,0aler,False,Tvzd5GgAAAAJ:WF5omc3nYNoC,citations,Investor sentiment and the closed‐end fund puzzle,1991
20,Arthur Ashkin,7145,0,0hkin,False,3QEKOmMAAAAJ:738O_yMBCRsC,citations,Observation of a single-beam gradient force optical trap for dielectric particles,1986
21,Arthur Ashkin,7145,0,0hkin,False,3QEKOmMAAAAJ:u5HHmVD_uO8C,citations,Observation of a single-beam gradient force optical trap for dielectric particles,1986
22,Arthur Ashkin,5336,0,0hkin,False,3QEKOmMAAAAJ:u-x6o8ySG0sC,citations,Acceleration and trapping of particles by radiation pressure,1970
23,Arthur Ashkin,2554,0,0hkin,False,3QEKOmMAAAAJ:d1gkVwhDpl0C,citations,Optical trapping and manipulation of single cells using infrared laser beams,1987
24,Arthur Ashkin,2426,0,0hkin,False,3QEKOmMAAAAJ:9yKSN-GCB0IC,citations,Optical trapping and manipulation of viruses and bacteria,1987
25,Arthur Ashkin,2003,0,0hkin,False,3QEKOmMAAAAJ:QIV2ME_5wuYC,citations,Forces of a single-beam gradient laser trap on a dielectric sphere in the ray optics regime,1992
26,Arthur Ashkin,2003,0,0hkin,False,3QEKOmMAAAAJ:2osOgNQ5qMEC,citations,Forces of a single-beam gradient laser trap on a dielectric sphere in the ray optics regime,1992
27,Arthur Ashkin,1815,0,0hkin,False,3QEKOmMAAAAJ:_kc_bZDykSQC,citations,Optical trapping and manipulation of neutral particles using lasers,1997
28,Arthur Ashkin,1530,0,0hkin,False,3QEKOmMAAAAJ:OU6Ihb5iCvQC,citations,Optical trapping and manipulation of neutral particles using lasers,1997
29,Arthur Ashkin,1530,0,0hkin,False,3QEKOmMAAAAJ:UeHWp8X0CEIC,citations,Optical trapping and manipulation of neutral particles using lasers,1997
30,Arthur Ashkin,1471,0,0hkin,False,3QEKOmMAAAAJ:IjCSPb-OGe4C,citations,Three-dimensional viscous confinement and cooling of atoms by resonance radiation pressure,1985
31,Arthur Ashkin,1385,0,0hkin,False,3QEKOmMAAAAJ:LI9QrySNdTsC,citations,OPTICALLY‐INDUCED REFRACTIVE INDEX INHOMOGENEITIES IN LiNbO3 AND LiTaO3,1966
32,Arthur Ashkin,1278,0,0hkin,False,3QEKOmMAAAAJ:zYLM7Y9cAGgC,citations,Experimental observation of optically trapped atoms,1986
33,Arthur Ashkin,939,0,0hkin,False,3QEKOmMAAAAJ:W7OEmFMy1HYC,citations,Optical levitation by radiation pressure,1971
34,Arthur Ashkin,842,0,0hkin,False,3QEKOmMAAAAJ:eQOLeE2rZwMC,citations,"History of optical trapping and manipulation of small-neutral particle, atoms, and molecules",2000
35,Arthur Ashkin,824,0,0hkin,False,3QEKOmMAAAAJ:Tyk-4Ss8FVUC,citations,Motion of atoms in a radiation trap,1980
36,Arthur Ashkin,795,0,0hkin,False,3QEKOmMAAAAJ:YsMSGLbcyi4C,citations,Trapping of atoms by resonance radiation pressure,1978
37,Arthur Ashkin,788,0,0hkin,False,3QEKOmMAAAAJ:Y0pCki6q_DkC,citations,Applications of laser radiation pressure,1980
38,Arthur Ashkin,629,0,0hkin,False,3QEKOmMAAAAJ:WF5omc3nYNoC,citations,Force generation of organelle transport measured in vivo by an infrared laser trap,1990
39,Arthur Ashkin,481,0,0hkin,False,3QEKOmMAAAAJ:ufrVoPGSRksC,citations,Observation of resonances in the radiation pressure on dielectric spheres,1977
40,Toshiki Tajima,5176,1,0jima,False,qwN3bpIAAAAJ:u5HHmVD_uO8C,citations,Laser electron accelerator,1979
41,Toshiki Tajima,1854,1,0jima,False,qwN3bpIAAAAJ:u-x6o8ySG0sC,citations,Optics in the relativistic regime,2006
42,Toshiki Tajima,1095,1,0jima,False,qwN3bpIAAAAJ:d1gkVwhDpl0C,citations,Highly efficient relativistic-ion generation in the laser-piston regime,2004
43,Toshiki Tajima,563,1,0jima,False,qwN3bpIAAAAJ:9yKSN-GCB0IC,citations,Observation of ultrahigh gradient electron acceleration by a self-modulated intense short laser pulse,1995
44,Toshiki Tajima,533,1,0jima,False,qwN3bpIAAAAJ:zdX0sdgBH_kC,citations,Radiation-pressure acceleration of ion beams driven by circularly polarized laser pulses,2009
45,Toshiki Tajima,399,1,0jima,False,qwN3bpIAAAAJ:2osOgNQ5qMEC,citations,Light intensification towards the Schwinger limit,2003
46,Toshiki Tajima,361,1,0jima,False,qwN3bpIAAAAJ:IjCSPb-OGe4C,citations,Zettawatt-exawatt lasers and their applications in ultrastrong-field physics,2002
47,Toshiki Tajima,360,1,0jima,False,qwN3bpIAAAAJ:qjMakFHDy7sC,citations,Proposed double-layer target for the generation of high-quality laser-accelerated ion beams,2002
48,Toshiki Tajima,344,1,0jima,False,qwN3bpIAAAAJ:UeHWp8X0CEIC,citations,Computational plasma physics: with applications to fusion and astrophysics,2018
49,Toshiki Tajima,302,1,0jima,False,qwN3bpIAAAAJ:SxCCDk4iOpsC,citations,The future is fibre accelerators,2013
50,Toshiki Tajima,282,1,0jima,False,qwN3bpIAAAAJ:Tyk-4Ss8FVUC,citations,Forward Raman instability and electron acceleration,1981
51,Toshiki Tajima,267,1,0jima,False,qwN3bpIAAAAJ:YsMSGLbcyi4C,citations,Plasma astrophysics,2018
52,Toshiki Tajima,265,1,0jima,False,qwN3bpIAAAAJ:Y0pCki6q_DkC,citations,Ion acceleration and direct ion heating in three-component magnetic reconnection,1996
53,Toshiki Tajima,262,1,0jima,False,qwN3bpIAAAAJ:zYLM7Y9cAGgC,citations,Laser wakefield excitation and measurement by femtosecond longitudinal interferometry,1996
54,Toshiki Tajima,253,1,0jima,False,qwN3bpIAAAAJ:ufrVoPGSRksC,citations,Laser ion-acceleration scaling laws seen in multiparametric particle-in-cell simulations,2006
55,Toshiki Tajima,223,1,0jima,False,qwN3bpIAAAAJ:ZqLB7dQ1iF4C,citations,Testing Unruh radiation with ultraintense lasers,1999
56,Toshiki Tajima,222,1,0jima,False,qwN3bpIAAAAJ:W7OEmFMy1HYC,citations,Magnetic viscosity by localized shear flow instability in magnetized accretion disks,1995
57,Toshiki Tajima,207,1,0jima,False,qwN3bpIAAAAJ:eQOLeE2rZwMC,citations,Current loop coalescence model of solar flares,1987
58,Toshiki Tajima,206,1,0jima,False,qwN3bpIAAAAJ:9ZlFYXVOiuMC,citations,Energy increase in multi-MeV ion acceleration in the interaction of a short pulse laser with a cluster-gas target,2009
59,Toshiki Tajima,188,1,0jima,False,qwN3bpIAAAAJ:WF5omc3nYNoC,citations,Energetic protons from a few-micron metallic foil evaporated by an intense laser pulse,2003
60,Daniel J. Klionsky,6773,1,0nsky,False,pGGjfS8AAAAJ:oPLKW5k6eA4C,citations,Guidelines for the use and interpretation of assays for monitoring autophagy,2016
61,Daniel J. Klionsky,5665,1,0nsky,False,pGGjfS8AAAAJ:u5HHmVD_uO8C,citations,Autophagy fights disease through cellular self-digestion,2008
62,Daniel J. Klionsky,3830,1,0nsky,False,pGGjfS8AAAAJ:u-x6o8ySG0sC,citations,Development by self-digestion: molecular mechanisms and biological functions of autophagy,2004
63,Daniel J. Klionsky,3465,1,0nsky,False,pGGjfS8AAAAJ:9yKSN-GCB0IC,citations,Autophagy as a regulated pathway of cellular degradation,2000
64,Daniel J. Klionsky,3087,1,0nsky,False,pGGjfS8AAAAJ:UeHWp8X0CEIC,citations,Regulation mechanisms and signaling pathways of autophagy,2009
65,Daniel J. Klionsky,2682,1,0nsky,False,pGGjfS8AAAAJ:2osOgNQ5qMEC,citations,Autophagy in health and disease: a double-edged sword,2004
66,Daniel J. Klionsky,2419,1,0nsky,False,pGGjfS8AAAAJ:8VtEwCQfWZkC,citations,Guidelines for the use and interpretation of assays for monitoring autophagy in higher eukaryotes,2008
67,Daniel J. Klionsky,2056,1,0nsky,False,pGGjfS8AAAAJ:qjMakFHDy7sC,citations,Autophagosome formation: core machinery and adaptations,2007
68,Daniel J. Klionsky,1879,1,0nsky,False,pGGjfS8AAAAJ:ufrVoPGSRksC,citations,Eaten alive: a history of macroautophagy,2010
69,Daniel J. Klionsky,1831,1,0nsky,False,pGGjfS8AAAAJ:IjCSPb-OGe4C,citations,Autophagy: from phenomenology to molecular understanding in less than a decade,2007
70,Daniel J. Klionsky,1658,1,0nsky,False,pGGjfS8AAAAJ:_FxGoFyzp5QC,citations,Mammalian autophagy: core molecular machinery and signaling regulation,2010
71,Daniel J. Klionsky,1595,1,0nsky,False,pGGjfS8AAAAJ:Y0pCki6q_DkC,citations,A protein conjugation system essential for autophagy,1998
72,Daniel J. Klionsky,1490,1,0nsky,False,pGGjfS8AAAAJ:Tyk-4Ss8FVUC,citations,Autophagy: molecular machinery for self-eating,2005
73,Daniel J. Klionsky,1379,1,0nsky,False,pGGjfS8AAAAJ:zYLM7Y9cAGgC,citations,A unified nomenclature for yeast autophagy-related genes,2003
74,Daniel J. Klionsky,1121,1,0nsky,False,pGGjfS8AAAAJ:BzfGm06jWhQC,citations,The machinery of macroautophagy,2014
75,Daniel J. Klionsky,1092,1,0nsky,False,pGGjfS8AAAAJ:eQOLeE2rZwMC,citations,The molecular machinery of autophagy: unanswered questions,2005
76,Daniel J. Klionsky,1083,1,0nsky,False,pGGjfS8AAAAJ:WF5omc3nYNoC,citations,Potential therapeutic applications of autophagy,2007
77,Daniel J. Klionsky,1052,1,0nsky,False,pGGjfS8AAAAJ:m4fbC6XIj1kC,citations,Molecular mechanisms of cell death: recommendations of the Nomenclature Committee on Cell Death 2018,2018
78,Daniel J. Klionsky,945,1,0nsky,False,pGGjfS8AAAAJ:W7OEmFMy1HYC,citations,Protein sorting in Saccharomyces cerevisiae: isolation of mutants defective in the delivery and processing of multiple vacuolar hydrolases.,1988
79,Daniel J. Klionsky,901,1,0nsky,False,pGGjfS8AAAAJ:LkGwnXOMwfcC,citations,Endoplasmic reticulum stress triggers autophagy,2006
80,richard henderson,3362,0,0rson,False,Dg6IGLQAAAAJ:1yQoGdGgb4wC,citations,Model for the structure of bacteriorhodopsin based on high-resolution electron cryo-microscopy,1990
81,richard henderson,2556,0,0rson,False,Dg6IGLQAAAAJ:u-x6o8ySG0sC,citations,Three-dimensional model of purple membrane obtained by electron microscopy,1975
82,richard henderson,1645,0,0rson,False,Dg6IGLQAAAAJ:OU6Ihb5iCvQC,citations,Structure of a β 1-adrenergic G-protein-coupled receptor,2008
83,richard henderson,1314,0,0rson,False,Dg6IGLQAAAAJ:zYLM7Y9cAGgC,citations,Molecular structure determination by electron microscopy of unstained crystalline specimens,1975
84,richard henderson,1223,0,0rson,False,Dg6IGLQAAAAJ:Mojj43d5GZwC,citations,"Optimal determination of particle orientation, absolute hand, and contrast loss in single-particle electron cryomicroscopy",2003
85,richard henderson,1096,0,0rson,False,Dg6IGLQAAAAJ:maZDTaKrznsC,citations,Electron-crystallographic refinement of the structure of bacteriorhodopsin,1996
86,richard henderson,1047,0,0rson,False,Dg6IGLQAAAAJ:hqOjcs7Dif8C,citations,"The potential and limitations of neutrons, electrons and X-rays for atomic resolution microscopy of unstained biological molecules",1995
87,richard henderson,936,0,0rson,False,Dg6IGLQAAAAJ:TFP_iSt0sucC,citations,Projection structure of rhodopsin,1993
88,richard henderson,776,0,0rson,False,Dg6IGLQAAAAJ:evX43VCCuoAC,citations,"Structure of purple membrane from Halobacterium halobium: recording, measurement and evaluation of electron micrographs at 3.5 Å resolution",1986
89,richard henderson,772,0,0rson,False,Dg6IGLQAAAAJ:RHpTSmoSYBkC,citations,MRC image processing programs,1996
90,richard henderson,594,0,0rson,False,Dg6IGLQAAAAJ:a0OBvERweLwC,citations,Three-dimensional structure determination by electron microscopy of two-dimensional crystals,1982
91,richard henderson,493,0,0rson,False,Dg6IGLQAAAAJ:_Ybze24A_UAC,citations,Molecular mechanism of vectorial proton translocation by bacteriorhodopsin,2000
92,richard henderson,477,0,0rson,False,Dg6IGLQAAAAJ:08ZZubdj9fEC,citations,High-resolution noise substitution to measure overfitting and validate resolution in 3D structure determination by single particle electron cryomicroscopy,2013
93,richard henderson,476,0,0rson,False,Dg6IGLQAAAAJ:ipzZ9siozwsC,citations,Path of the polypeptide in bacteriorhodopsin,1980
94,richard henderson,463,0,0rson,False,Dg6IGLQAAAAJ:hMod-77fHWUC,citations,Electron diffraction analysis of structural changes in the photocycle of bacteriorhodopsin.,1993
95,richard henderson,455,0,0rson,False,Dg6IGLQAAAAJ:LkGwnXOMwfcC,citations,The structure of the purple membrane from Halobacterium halobium: analysis of the X-ray diffraction pattern,1975
96,richard henderson,417,0,0rson,False,Dg6IGLQAAAAJ:J-pR_7NvFogC,citations,THE PURPLE MEMBRANE FROM HALOBACTERIUM HALOBIUM,1977
97,richard henderson,371,0,0rson,False,Dg6IGLQAAAAJ:Y5dfb0dijaUC,citations,Cryo-protection of protein crystals against radiation damage in electron and X-ray diffraction,1990
98,richard henderson,316,0,0rson,False,Dg6IGLQAAAAJ:RGFaLdJalmkC,citations,Outcome of the first electron microscopy validation task force meeting,2012
99,richard henderson,305,0,0rson,False,Dg6IGLQAAAAJ:MXK_kJrjxJIC,citations,Beam-induced motion of vitrified specimen on holey carbon film,2012
100,Cass Sunstein,16449,1,0tein,False,ddq2_gkAAAAJ:u-x6o8ySG0sC,citations,"Nudge: Improving decisions about health, wealth, and happiness",2009
101,Cass Sunstein,6101,1,0tein,False,ddq2_gkAAAAJ:9yKSN-GCB0IC,citations,Republic. com,2001
102,Cass Sunstein,3641,1,0tein,False,ddq2_gkAAAAJ:u5HHmVD_uO8C,citations,A behavioral approach to law and economics,1998
103,Cass Sunstein,2310,1,0tein,False,ddq2_gkAAAAJ:eAH3Z3OPu3sC,citations,Libertarian paternalism is not an oxymoron,2003
104,Cass Sunstein,2070,1,0tein,False,ddq2_gkAAAAJ:_kc_bZDykSQC,citations,Libertarian paternalism,2003
105,Cass Sunstein,1897,1,0tein,False,ddq2_gkAAAAJ:d1gkVwhDpl0C,citations,Beyond the republican revival,1987
106,Cass Sunstein,1881,1,0tein,False,ddq2_gkAAAAJ:Y0pCki6q_DkC,citations,Social norms and social roles,1996
107,Cass Sunstein,1691,1,0tein,False,ddq2_gkAAAAJ:YsMSGLbcyi4C,citations,On the expressive function of law,1996
108,Cass Sunstein,1664,1,0tein,False,ddq2_gkAAAAJ:4DMP91E08xMC,citations,The law of group polarization,1999
109,Cass Sunstein,1635,1,0tein,False,ddq2_gkAAAAJ:qjMakFHDy7sC,citations,The partial constitution,1993
110,Cass Sunstein,1603,1,0tein,False,ddq2_gkAAAAJ:2osOgNQ5qMEC,citations,Interest groups in American public law,1985
111,Cass Sunstein,1575,1,0tein,False,ddq2_gkAAAAJ:KI9T_ytC6pkC,citations,Democracy and the problem of free speech,1995
112,Cass Sunstein,1554,1,0tein,False,ddq2_gkAAAAJ:ULOm3_A8WrAC,citations,The cost of rights: why liberty depends on taxes,2000
113,Cass Sunstein,1549,1,0tein,False,ddq2_gkAAAAJ:Tyk-4Ss8FVUC,citations,One case at a time: judicial minimalism on the Supreme Court,2001
114,Cass Sunstein,1453,1,0tein,False,ddq2_gkAAAAJ:zYLM7Y9cAGgC,citations,After the rights revolution: Reconceiving the regulatory state,1993
115,Cass Sunstein,1384,1,0tein,False,ddq2_gkAAAAJ:UeHWp8X0CEIC,citations,Interpreting statutes in the regulatory state,1989
116,Cass Sunstein,1338,1,0tein,False,ddq2_gkAAAAJ:4TOpqqG69KYC,citations,Laws of fear: Beyond the precautionary principle,2005
117,Cass Sunstein,1248,1,0tein,False,ddq2_gkAAAAJ:W7OEmFMy1HYC,citations,Lochner's legacy,1987
118,Cass Sunstein,1235,1,0tein,False,ddq2_gkAAAAJ:Zph67rFs4hoC,citations,Infotopia: How many minds produce knowledge,2006
119,Cass Sunstein,1233,1,0tein,False,ddq2_gkAAAAJ:hqOjcs7Dif8C,citations,Availability cascades and risk regulation,1998
120,andrew f newman,3648,1,0wman,False,XfuACYoAAAAJ:aqlVkmm33-oC,citations,Occupational Choice and the Process of Development,2000
121,andrew f newman,3648,1,0wman,False,XfuACYoAAAAJ:u5HHmVD_uO8C,citations,Occupational choice and the process of development,1993
122,andrew f newman,384,1,0wman,False,XfuACYoAAAAJ:u-x6o8ySG0sC,citations,Risk-bearing and the theory of income distribution,1991
123,andrew f newman,306,1,0wman,False,XfuACYoAAAAJ:d1gkVwhDpl0C,citations,"Beauty is a beast, frog is a prince: assortative matching with nontransferabilities",2007
124,andrew f newman,252,1,0wman,False,XfuACYoAAAAJ:2osOgNQ5qMEC,citations,"Poverty, incentives, and development",1994
125,andrew f newman,230,1,0wman,False,XfuACYoAAAAJ:9yKSN-GCB0IC,citations,"Information, the dual economy, and development",1998
126,andrew f newman,180,1,0wman,False,XfuACYoAAAAJ:qjMakFHDy7sC,citations,"Wealth effects, distribution, and the theory of organization",1996
127,andrew f newman,153,1,0wman,False,XfuACYoAAAAJ:3fE2CSJIrl8C,citations,Monotone matching in perfect and imperfect worlds,1998
128,andrew f newman,141,1,0wman,False,XfuACYoAAAAJ:UeHWp8X0CEIC,citations,Monotone matching in perfect and imperfect worlds,2002
129,andrew f newman,108,1,0wman,False,XfuACYoAAAAJ:e5wmG9Sq2KIC,citations,Do Prices Determine Vertical Integration?,2014
130,andrew f newman,108,1,0wman,False,XfuACYoAAAAJ:0EnyYjriUFMC,citations,Do Prices Determine Vertical Integration?,2010
131,andrew f newman,106,1,0wman,False,XfuACYoAAAAJ:Se3iqnhoufwC,citations,The Labor Market and Corporate Structure,1997
132,andrew f newman,95,1,0wman,False,XfuACYoAAAAJ:IjCSPb-OGe4C,citations,Risk-bearing and entrepreneurship,2007
133,andrew f newman,90,1,0wman,False,XfuACYoAAAAJ:WF5omc3nYNoC,citations,A Price Theory of Vertical and Lateral Integration*,2012
134,andrew f newman,74,1,0wman,False,XfuACYoAAAAJ:Y0pCki6q_DkC,citations,"Inequality, growth and trade policy",2003
135,andrew f newman,62,1,0wman,False,XfuACYoAAAAJ:Tyk-4Ss8FVUC,citations,Trade liberalization and organizational change,2012
136,andrew f newman,59,1,0wman,False,XfuACYoAAAAJ:W7OEmFMy1HYC,citations,Competing for ownership,2008
137,andrew f newman,42,1,0wman,False,XfuACYoAAAAJ:kNdYIx-mwKoC,citations,"Contracts, Ownership, and Industrial Organization: Past and Future",2014
138,andrew f newman,40,1,0wman,False,XfuACYoAAAAJ:zYLM7Y9cAGgC,citations,Competing for ownership,2000
139,andrew f newman,36,1,0wman,False,XfuACYoAAAAJ:YsMSGLbcyi4C,citations,"Courts, contracts, and interference",2002
140,Shoufeng Yang (杨守峰),2475,1,0Yang,False,Jmkx86MAAAAJ:u5HHmVD_uO8C,citations,The design of scaffolds for use in tissue engineering. Part I. Traditional factors,2001
141,Shoufeng Yang (杨守峰),865,1,0Yang,False,Jmkx86MAAAAJ:VTkKiNFP83YC,citations,The design of scaffolds for use in tissue engineering. Part II. Rapid prototyping techniques,2002
142,Shoufeng Yang (杨守峰),861,1,0Yang,False,Jmkx86MAAAAJ:NhqRSupF_l8C,citations,A review on 3D micro-additive manufacturing technologies,2013
143,Shoufeng Yang (杨守峰),397,1,0Yang,False,Jmkx86MAAAAJ:Mb21Z44dZ7IC,citations,3D printing of smart materials: A review on recent progresses in 4D printing,2015
144,Shoufeng Yang (杨守峰),324,1,0Yang,False,Jmkx86MAAAAJ:u9iWguZQMMsC,citations,Multiple material additive manufacturing–Part 1: a review: this review paper covers a decade of research on multiple material additive manufacturing technologies which can …,2013
145,Shoufeng Yang (杨守峰),143,1,0Yang,False,Jmkx86MAAAAJ:uDGL6kOW6j0C,citations,Extrusion-based additive manufacturing of PEEK for biomedical applications,2015
146,Shoufeng Yang (杨守峰),123,1,0Yang,False,Jmkx86MAAAAJ:viTTOddtVMkC,citations,Direct selective laser sintering and melting of ceramics: a review,2017
147,Shoufeng Yang (杨守峰),123,1,0Yang,False,Jmkx86MAAAAJ:r0BpntZqJG4C,citations,Investigation of 3D non-random porous structures by fused deposition modelling,2002
148,Shoufeng Yang (杨守峰),116,1,0Yang,False,Jmkx86MAAAAJ:W7OEmFMy1HYC,citations,Metering and dispensing of powder; the quest for new solid freeforming techniques,2007
149,Shoufeng Yang (杨守峰),105,1,0Yang,False,Jmkx86MAAAAJ:M3NEmzRMIkIC,citations,Corrected values for boiling points and enthalpies of vaporization of elements in handbooks,2011
150,Shoufeng Yang (杨守峰),89,1,0Yang,False,Jmkx86MAAAAJ:D-3shSm-n1oC,citations,Development of a clay based bioink for 3D cell printing for skeletal application,2017
151,Shoufeng Yang (杨守峰),79,1,0Yang,False,Jmkx86MAAAAJ:P5F9QuxV20EC,citations,Hardening of pure metals by high-pressure torsion: a physically based model employing volume-averaged defect evolutions,2013
152,Shoufeng Yang (杨守峰),77,1,0Yang,False,Jmkx86MAAAAJ:bEWYMUwI8FkC,citations,"PTCR effect in donor doped barium titanate: review of compositions, microstructures, processing and properties",2011
153,Shoufeng Yang (杨守峰),77,1,0Yang,False,Jmkx86MAAAAJ:zYLM7Y9cAGgC,citations,Rapid prototyping of ceramic lattices for hard tissue scaffolds,2008
154,Shoufeng Yang (杨守峰),72,1,0Yang,False,Jmkx86MAAAAJ:qjMakFHDy7sC,citations,Synthesis and characterization of doped nano-sized ceria–zirconia solid solutions,2009
155,Shoufeng Yang (杨守峰),67,1,0Yang,False,Jmkx86MAAAAJ:5nxA0vEk-isC,citations,Solvent-based paste extrusion solid freeforming,2010
156,Shoufeng Yang (杨守峰),66,1,0Yang,False,Jmkx86MAAAAJ:d1gkVwhDpl0C,citations,Fine ceramic lattices prepared by extrusion freeforming,2006
157,Shoufeng Yang (杨守峰),61,1,0Yang,False,Jmkx86MAAAAJ:Z4TH09HQ3SoC,citations,Investigation on porosity and microhardness of 316L stainless steel fabricated by selective laser melting,2017
158,Shoufeng Yang (杨守峰),61,1,0Yang,False,Jmkx86MAAAAJ:9yKSN-GCB0IC,citations,Acoustic control of powder dispensing in open tubes,2004
159,Shoufeng Yang (杨守峰),60,1,0Yang,False,Jmkx86MAAAAJ:LkGwnXOMwfcC,citations,Revisiting Hume-Rothery’s Rules with artificial neural networks,2008
160,Esther Duflo,9767,0,10uflo,False,yhDMl8AAAAAJ:u5HHmVD_uO8C,citations,How much should we trust differences-in-differences estimates?,2004
161,Esther Duflo,3277,0,10uflo,False,yhDMl8AAAAAJ:YsMSGLbcyi4C,citations,Poor economics: A radical rethinking of the way to fight global poverty,2011
162,Esther Duflo,2134,0,10uflo,False,yhDMl8AAAAAJ:u-x6o8ySG0sC,citations,Schooling and labor market consequences of school construction in Indonesia: Evidence from an unusual policy experiment,2001
163,Esther Duflo,2059,0,10uflo,False,yhDMl8AAAAAJ:W7OEmFMy1HYC,citations,The miracle of microfinance? Evidence from a randomized evaluation,2015
164,Esther Duflo,1991,0,10uflo,False,yhDMl8AAAAAJ:d1gkVwhDpl0C,citations,Grandmothers and granddaughters: old‐age pensions and intrahousehold allocation in South Africa,2003
165,Esther Duflo,1961,0,10uflo,False,yhDMl8AAAAAJ:UeHWp8X0CEIC,citations,The economic lives of the poor,2007
166,Esther Duflo,1880,0,10uflo,False,yhDMl8AAAAAJ:2osOgNQ5qMEC,citations,Women as policy makers: Evidence from a randomized policy experiment in India,2004
167,Esther Duflo,1869,0,10uflo,False,yhDMl8AAAAAJ:ZeXyd9-uunAC,citations,Women empowerment and economic development,2012
168,Esther Duflo,1645,0,10uflo,False,yhDMl8AAAAAJ:zYLM7Y9cAGgC,citations,Using randomization in development economics research: A toolkit,2007
169,Esther Duflo,1507,0,10uflo,False,yhDMl8AAAAAJ:qjMakFHDy7sC,citations,The role of information and social interactions in retirement plan decisions: Evidence from a randomized experiment,2003
170,Esther Duflo,1476,0,10uflo,False,yhDMl8AAAAAJ:9yKSN-GCB0IC,citations,Inequality and growth: What can the data say?,2003
171,Esther Duflo,1432,0,10uflo,False,yhDMl8AAAAAJ:Tyk-4Ss8FVUC,citations,Remedying education: Evidence from two randomized experiments in India,2007
172,Esther Duflo,1244,0,10uflo,False,yhDMl8AAAAAJ:IjCSPb-OGe4C,citations,Growth theory through the lens of development economics,2005
173,Esther Duflo,1192,0,10uflo,False,yhDMl8AAAAAJ:HtS1dXgVpQUC,citations,Railroads of the Raj: Estimating the impact of transportation infrastructure,2018
174,Esther Duflo,1164,0,10uflo,False,yhDMl8AAAAAJ:0EnyYjriUFMC,citations,Nudging farmers to use fertilizer: Theory and experimental evidence from Kenya,2011
175,Esther Duflo,1031,0,10uflo,False,yhDMl8AAAAAJ:L8Ckcad2t8MC,citations,The diffusion of microfinance,2013
176,Esther Duflo,980,0,10uflo,False,yhDMl8AAAAAJ:8k81kl-MbHgC,citations,"Peer effects, teacher incentives, and the impact of tracking: Evidence from a randomized evaluation in Kenya",2011
177,Esther Duflo,950,0,10uflo,False,yhDMl8AAAAAJ:Se3iqnhoufwC,citations,Powerful women: does exposure reduce bias?,2009
178,Esther Duflo,841,0,10uflo,False,yhDMl8AAAAAJ:WF5omc3nYNoC,citations,Do firms want to borrow more? Testing credit constraints using a directed lending program,2014
179,Esther Duflo,830,0,10uflo,False,yhDMl8AAAAAJ:MXK_kJrjxJIC,citations,What is middle class about the middle classes around the world?,2008
180,Peter Zavalij,1381,1,1alij,False,uvCHHkgAAAAJ:u-x6o8ySG0sC,citations,Fundamentals of powder diffraction and structural characterization of materials,2009
181,Peter Zavalij,816,1,1alij,False,uvCHHkgAAAAJ:u5HHmVD_uO8C,citations,Hydrothermal synthesis of lithium iron phosphate cathodes,2001
182,Peter Zavalij,740,1,1alij,False,uvCHHkgAAAAJ:d1gkVwhDpl0C,citations,The cucurbit [n] uril family: prime components for self-sorting systems,2005
183,Peter Zavalij,522,1,1alij,False,uvCHHkgAAAAJ:9yKSN-GCB0IC,citations,"Reactivity, stability and electrochemical behavior of lithium iron phosphates",2002
184,Peter Zavalij,492,1,1alij,False,uvCHHkgAAAAJ:6ftYtcnYaCAC,citations,CSD-universal program package for single crystal or powder structure data treatment,1989
185,Peter Zavalij,470,1,1alij,False,uvCHHkgAAAAJ:IkxDsZK-5NQC,citations,Use of the CSD program package for structure determination from powder data,1993
186,Peter Zavalij,387,1,1alij,False,uvCHHkgAAAAJ:2osOgNQ5qMEC,citations,Hydrothermal synthesis of vanadium oxides,1998
187,Peter Zavalij,332,1,1alij,False,uvCHHkgAAAAJ:qjMakFHDy7sC,citations,The hydrothermal synthesis and characterization of olivines and related compounds for electrochemical applications,2008
188,Peter Zavalij,318,1,1alij,False,uvCHHkgAAAAJ:UeHWp8X0CEIC,citations,Structural chemistry of vanadium oxides with open frameworks,1999
189,Peter Zavalij,304,1,1alij,False,uvCHHkgAAAAJ:IjCSPb-OGe4C,citations,Some transition metal (oxy) phosphates and vanadium oxides for lithium batteries,2005
190,Peter Zavalij,283,1,1alij,False,uvCHHkgAAAAJ:MXK_kJrjxJIC,citations,Acyclic cucurbit [n] uril molecular containers enhance the solubility and bioactivity of poorly soluble pharmaceuticals,2012
191,Peter Zavalij,272,1,1alij,False,uvCHHkgAAAAJ:mVmsd5A6BfQC,citations,Cucurbit [7] uril⋅ guest pair with an attomolar dissociation constant,2014
192,Peter Zavalij,267,1,1alij,False,uvCHHkgAAAAJ:W7OEmFMy1HYC,citations,Cucurbit [10] uril,2005
193,Peter Zavalij,257,1,1alij,False,uvCHHkgAAAAJ:zYLM7Y9cAGgC,citations,"The synthesis, characterization and electrochemical behavior of the layered LiNi0.4Mn0.4Co0.2O2 compound",2004
194,Peter Zavalij,222,1,1alij,False,uvCHHkgAAAAJ:roLk4NBRz8UC,citations,Structural and architectural evaluation of bimetallic nanoparticles: a case study of Pt−Ru core−shell and alloy nanoparticles,2009
195,Peter Zavalij,212,1,1alij,False,uvCHHkgAAAAJ:Tyk-4Ss8FVUC,citations,"Manganese vanadium oxide nanotubes: synthesis, characterization, and electrochemistry",2001
196,Peter Zavalij,198,1,1alij,False,uvCHHkgAAAAJ:Y0pCki6q_DkC,citations,Hydrothermal Synthesis and Characterization of KxMnO2•yH2O,1996
197,Peter Zavalij,193,1,1alij,False,uvCHHkgAAAAJ:BbFSz4cl-9EC,citations,New Iron(III) Phosphate Phases:\u2009 Crystal Structure and Electrochemical and Magnetic Properties,2002
198,Peter Zavalij,179,1,1alij,False,uvCHHkgAAAAJ:5nxA0vEk-isC,citations,Structural collapse and superconductivity in rare-earth-doped CaFe2As2,2012
199,Peter Zavalij,179,1,1alij,False,uvCHHkgAAAAJ:UebtZRa9Y70C,citations,High fidelity kinetic self-sorting in multi-component systems based on guests with multiple binding epitopes,2006
200,Sergei V. Bulanov,1854,1,1anov,False,O1ei02sAAAAJ:u-x6o8ySG0sC,citations,Optics in the relativistic regime,2006
201,Sergei V. Bulanov,1605,1,1anov,False,O1ei02sAAAAJ:XDrR66g3YHsC,citations,Astrophysics of Cosmic Rays,1990
202,Sergei V. Bulanov,1400,1,1anov,False,O1ei02sAAAAJ:d1gkVwhDpl0C,citations,Fast ignition by intense laser-accelerated proton beams,2001
203,Sergei V. Bulanov,1095,1,1anov,False,O1ei02sAAAAJ:9yKSN-GCB0IC,citations,Highly efficient relativistic-ion generation in the laser-piston regime,2004
204,Sergei V. Bulanov,608,1,1anov,False,O1ei02sAAAAJ:MXK_kJrjxJIC,citations,Ion acceleration by superintense laser pulses in plasmas,1999
205,Sergei V. Bulanov,600,1,1anov,False,O1ei02sAAAAJ:zYLM7Y9cAGgC,citations,Feasibility of using laser ion accelerators in proton therapy,2002
206,Sergei V. Bulanov,541,1,1anov,False,O1ei02sAAAAJ:W7OEmFMy1HYC,citations,Oncological hadrontherapy with laser ion accelerators,2002
207,Sergei V. Bulanov,541,1,1anov,False,O1ei02sAAAAJ:PQEM9vzQD9gC,citations,"Interaction of an ultrashort, relativistically strong laser pulse with an overdense plasma",1994
208,Sergei V. Bulanov,516,1,1anov,False,O1ei02sAAAAJ:Tyk-4Ss8FVUC,citations,Particle injection into the wave acceleration phase due to nonlinear wake wave breaking,1998
209,Sergei V. Bulanov,515,1,1anov,False,O1ei02sAAAAJ:UeHWp8X0CEIC,citations,Fast ion generation by high-intensity laser irradiation of solid targets and applications,2006
210,Sergei V. Bulanov,464,1,1anov,False,O1ei02sAAAAJ:WwIwg2wKZ0QC,citations,Electric field detection in laser-plasma interaction experiments via the proton imaging technique,2002
211,Sergei V. Bulanov,401,1,1anov,False,O1ei02sAAAAJ:qjMakFHDy7sC,citations,Light intensification towards the Schwinger limit,2003
212,Sergei V. Bulanov,374,1,1anov,False,O1ei02sAAAAJ:IjCSPb-OGe4C,citations,Transverse-wake wave breaking,1997
213,Sergei V. Bulanov,360,1,1anov,False,O1ei02sAAAAJ:2osOgNQ5qMEC,citations,Proposed double-layer target for the generation of high-quality laser-accelerated ion beams,2002
214,Sergei V. Bulanov,329,1,1anov,False,O1ei02sAAAAJ:Y0pCki6q_DkC,citations,Nonlinear depletion of ultrashort and relativistically strong laser pulses in an underdense plasma,1992
215,Sergei V. Bulanov,299,1,1anov,False,O1ei02sAAAAJ:_FxGoFyzp5QC,citations,Nonlinear electrodynamics of the interaction of ultra-intense laser pulses with a thin foil,1998
216,Sergei V. Bulanov,279,1,1anov,False,O1ei02sAAAAJ:8k81kl-MbHgC,citations,Photon bubbles and ion acceleration in a plasma dominated by the radiation pressure of an electromagnetic pulse,2007
217,Sergei V. Bulanov,269,1,1anov,False,O1ei02sAAAAJ:vVJNg6_NJEsC,citations,Macroscopic evidence of soliton formation in multiterawatt laser plasma interaction,2002
218,Sergei V. Bulanov,209,1,1anov,False,O1ei02sAAAAJ:eQOLeE2rZwMC,citations,Solitonlike electromagnetic waves behind a superintense laser pulse in a plasma,1999
219,Sergei V. Bulanov,206,1,1anov,False,O1ei02sAAAAJ:k_IJM867U9cC,citations,Energy increase in multi-MeV ion acceleration in the interaction of a short pulse laser with a cluster-gas target,2009
220,Patricia Bado,72,1,1Bado,False,pkpL0JQAAAAJ:zYLM7Y9cAGgC,citations,Abnormal striatal BOLD responses to reward anticipation and reward delivery in ADHD,2014
221,Patricia Bado,70,1,1Bado,False,pkpL0JQAAAAJ:u5HHmVD_uO8C,citations,Effects of low-dose D-serine on recognition and working memory in mice,2011
222,Patricia Bado,52,1,1Bado,False,pkpL0JQAAAAJ:d1gkVwhDpl0C,citations,A neural signature of affiliative emotion in the human septohypothalamic area,2012
223,Patricia Bado,47,1,1Bado,False,pkpL0JQAAAAJ:IjCSPb-OGe4C,citations,Functional dissociation of ventral frontal and dorsomedial default mode network components during resting state and emotional autobiographical recall,2014
224,Patricia Bado,43,1,1Bado,False,pkpL0JQAAAAJ:2osOgNQ5qMEC,citations,Voluntary enhancement of neural signatures of affiliative emotion using FMRI neurofeedback,2014
225,Patricia Bado,27,1,1Bado,False,pkpL0JQAAAAJ:u-x6o8ySG0sC,citations,Protein kinase C activity regulates d‐serine availability in the brain,2011
226,Patricia Bado,26,1,1Bado,False,pkpL0JQAAAAJ:9yKSN-GCB0IC,citations,Real-time fMRI pattern decoding and neurofeedback using FRIEND: an FSL-integrated BCI toolbox,2013
227,Patricia Bado,12,1,1Bado,False,pkpL0JQAAAAJ:UeHWp8X0CEIC,citations,You and your kin: Neural signatures of family-based group perception in the subgenual cortex,2014
228,Patricia Bado,10,1,1Bado,False,pkpL0JQAAAAJ:_FxGoFyzp5QC,citations,Neural bases of ingroup altruistic motivation in soccer fans,2017
229,Patricia Bado,5,1,1Bado,False,pkpL0JQAAAAJ:8k81kl-MbHgC,citations,Protein kinase C (PKC) activity regulates D-serine availability in the brain,2010
230,Patricia Bado,2,1,1Bado,False,pkpL0JQAAAAJ:ZeXyd9-uunAC,citations,Methylphenidate modifies reward cue responses in adults with ADHD: an fMRI study,2020
231,Patricia Bado,2,1,1Bado,False,pkpL0JQAAAAJ:9ZlFYXVOiuMC,citations,Blame-rebalance fMRI neurofeedback in major depressive disorder: A randomised proof-of-concept trial,2019
232,Patricia Bado,2,1,1Bado,False,pkpL0JQAAAAJ:WF5omc3nYNoC,citations,Focusing is hard! Brain responses to reward in attention deficit hyperactivity disorder,2017
233,Patricia Bado,1,1,1Bado,False,pkpL0JQAAAAJ:TFP_iSt0sucC,citations,"How can schools be integrated in promoting well-being, preventing mental health problems and averting substance-use disorders in urban populations?",2020
234,Patricia Bado,0,1,1Bado,False,pkpL0JQAAAAJ:isC4tDSrTZIC,citations,Screen time and psychopathology: investigating directionality using cross-lagged panel models,2020
235,Patricia Bado,0,1,1Bado,False,pkpL0JQAAAAJ:YOwf2qJgpHMC,citations,Association between uncontrolled eating and caudate responses to reward cues,2019
236,Patricia Bado,0,1,1Bado,False,pkpL0JQAAAAJ:ufrVoPGSRksC,citations,30 Blame rebalance fmri feedback proof-of-concept trial in major depressive disorder,2017
237,Patricia Bado,0,1,1Bado,False,pkpL0JQAAAAJ:k_IJM867U9cC,citations,Frontiers for Young Minds,2016
238,Patricia Bado,0,1,1Bado,False,pkpL0JQAAAAJ:Y0pCki6q_DkC,citations,Blame rebalance FMRI feedback proof-of-concept trial in major depressive disorder: RC-12,2016
239,Patricia Bado,0,1,1Bado,False,pkpL0JQAAAAJ:LkGwnXOMwfcC,citations,Voluntary Enhancement of Neural Signatures of Affiliative Emotion Using fMRI,2014
240,Rachel Glennerster,2062,1,1ster,False,Vq3KWOsAAAAJ:u-x6o8ySG0sC,citations,The miracle of microfinance? Evidence from a randomized evaluation,2015
241,Rachel Glennerster,1647,1,1ster,False,Vq3KWOsAAAAJ:u5HHmVD_uO8C,citations,Using randomization in development economics research: A toolkit,2007
242,Rachel Glennerster,1240,1,1ster,False,Vq3KWOsAAAAJ:r0BpntZqJG4C,citations,Promoting an open research culture,2015
243,Rachel Glennerster,607,1,1ster,False,Vq3KWOsAAAAJ:qxL8FJ1GzNcC,citations,Pitfalls of participatory programs: Evidence from a randomized evaluation in education in India,2010
244,Rachel Glennerster,606,1,1ster,False,Vq3KWOsAAAAJ:zYLM7Y9cAGgC,citations,Pitfalls of participatory programs: Evidence from a randomized evaluation in education in India,2010
245,Rachel Glennerster,606,1,1ster,False,Vq3KWOsAAAAJ:2osOgNQ5qMEC,citations,Pitfalls of participatory programs: Evidence from a randomized evaluation in education in India,2010
246,Rachel Glennerster,436,1,1ster,False,Vq3KWOsAAAAJ:qjMakFHDy7sC,citations,Reshaping institutions: Evidence on aid impacts using a preanalysis plan,2012
247,Rachel Glennerster,425,1,1ster,False,Vq3KWOsAAAAJ:9yKSN-GCB0IC,citations,Improving immunisation coverage in rural India: clustered randomised controlled evaluation of immunisation campaigns with and without incentives,2010
248,Rachel Glennerster,345,1,1ster,False,Vq3KWOsAAAAJ:ufrVoPGSRksC,citations,The challenge of education and learning in the developing world,2013
249,Rachel Glennerster,338,1,1ster,False,Vq3KWOsAAAAJ:Se3iqnhoufwC,citations,Promoting transparency in social science research,2014
250,Rachel Glennerster,321,1,1ster,False,Vq3KWOsAAAAJ:UeHWp8X0CEIC,citations,Putting a band-aid on a corpse: incentives for nurses in the Indian public health care system,2008
251,Rachel Glennerster,300,1,1ster,False,Vq3KWOsAAAAJ:d1gkVwhDpl0C,citations,Strong medicine: creating incentives for pharmaceutical research on neglected diseases,2004
252,Rachel Glennerster,260,1,1ster,False,Vq3KWOsAAAAJ:hqOjcs7Dif8C,citations,Running randomized evaluations: A practical guide,2013
253,Rachel Glennerster,224,1,1ster,False,Vq3KWOsAAAAJ:Tiz5es2fbqcC,citations,The miracle of microfinance,2009
254,Rachel Glennerster,182,1,1ster,False,Vq3KWOsAAAAJ:eQOLeE2rZwMC,citations,Comparative cost-effectiveness analysis to inform policy in developing countries: a general framework with applications for education,2013
255,Rachel Glennerster,129,1,1ster,False,Vq3KWOsAAAAJ:LkGwnXOMwfcC,citations,Collective action in diverse Sierra Leone communities,2013
256,Rachel Glennerster,123,1,1ster,False,Vq3KWOsAAAAJ:IjCSPb-OGe4C,citations,Advance market commitments for vaccines against neglected diseases: estimating costs and effectiveness,2007
257,Rachel Glennerster,117,1,1ster,False,Vq3KWOsAAAAJ:Y0pCki6q_DkC,citations,Does transparency pay?,2008
258,Rachel Glennerster,96,1,1ster,False,Vq3KWOsAAAAJ:5Ul4iDaHHb8C,citations,"& Contestabile, M.(2015). Promoting an open research culture",
259,Rachel Glennerster,93,1,1ster,False,Vq3KWOsAAAAJ:8k81kl-MbHgC,citations,Rural roads and intermediated trade: Regression discontinuity evidence from Sierra Leone,2013
260,Sendhil Mullainathan,9782,1,1than,False,oExfyEkAAAAJ:u5HHmVD_uO8C,citations,How much should we trust differences-in-differences estimates?,2004
261,Sendhil Mullainathan,4783,1,1than,False,oExfyEkAAAAJ:u-x6o8ySG0sC,citations,Are Emily and Greg more employable than Lakisha and Jamal? A field experiment on labor market discrimination,2004
262,Sendhil Mullainathan,2454,1,1than,False,oExfyEkAAAAJ:qjMakFHDy7sC,citations,Enjoying the quiet life? Corporate governance and managerial preferences,2003
263,Sendhil Mullainathan,1865,1,1than,False,oExfyEkAAAAJ:d1gkVwhDpl0C,citations,Are CEOs rewarded for luck? The ones without principals are,2001
264,Sendhil Mullainathan,1841,1,1than,False,oExfyEkAAAAJ:9yKSN-GCB0IC,citations,Ferreting out tunneling: An application to Indian business groups,2002
265,Sendhil Mullainathan,1827,1,1than,False,oExfyEkAAAAJ:5Ul4iDaHHb8C,citations,Scarcity: Why having too little means so much,2013
266,Sendhil Mullainathan,1749,1,1than,False,oExfyEkAAAAJ:vbGhcppDl1QC,citations,Poverty impedes cognitive function,2013
267,Sendhil Mullainathan,1636,1,1than,False,oExfyEkAAAAJ:2osOgNQ5qMEC,citations,Do people mean what they say? Implications for subjective survey data,2001
268,Sendhil Mullainathan,1473,1,1than,False,oExfyEkAAAAJ:IjCSPb-OGe4C,citations,The market for news,2005
269,Sendhil Mullainathan,1091,1,1than,False,oExfyEkAAAAJ:zYLM7Y9cAGgC,citations,Behavioral economics,2000
270,Sendhil Mullainathan,1071,1,1than,False,oExfyEkAAAAJ:UeHWp8X0CEIC,citations,Network effects and welfare cultures,2000
271,Sendhil Mullainathan,990,1,1than,False,oExfyEkAAAAJ:maZDTaKrznsC,citations,Some consequences of having too little,2012
272,Sendhil Mullainathan,813,1,1than,False,oExfyEkAAAAJ:WF5omc3nYNoC,citations,Behavior and energy policy,2010
273,Sendhil Mullainathan,792,1,1than,False,oExfyEkAAAAJ:ufrVoPGSRksC,citations,"""What's advertising content worth? Evidence from a consumer ""credit marketing field experiment",2010
274,Sendhil Mullainathan,711,1,1than,False,oExfyEkAAAAJ:MXK_kJrjxJIC,citations,Getting to the top of mind: How reminders increase saving,2016
275,Sendhil Mullainathan,621,1,1than,False,oExfyEkAAAAJ:iRaVAuoZnuIC,citations,Machine learning: an applied econometric approach,2017
276,Sendhil Mullainathan,579,1,1than,False,oExfyEkAAAAJ:M6kHaddf_34C,citations,Inherent trade-offs in the fair determination of risk scores,2016
277,Sendhil Mullainathan,573,1,1than,False,oExfyEkAAAAJ:LkGwnXOMwfcC,citations,A behavioral-economics view of poverty,2004
278,Sendhil Mullainathan,540,1,1than,False,oExfyEkAAAAJ:Tyk-4Ss8FVUC,citations,Do cigarette taxes make smokers happier,2005
279,Sendhil Mullainathan,522,1,1than,False,oExfyEkAAAAJ:0EnyYjriUFMC,citations,Implicit discrimination,2005
280,Gérard Mourou,5545,0,1urou,False,spudk8gAAAAJ:u5HHmVD_uO8C,citations,Compression of amplified chirped optical pulses,1985
281,Gérard Mourou,1853,0,1urou,False,spudk8gAAAAJ:2osOgNQ5qMEC,citations,Optics in the relativistic regime,2006
282,Gérard Mourou,1603,0,1urou,False,spudk8gAAAAJ:d1gkVwhDpl0C,citations,Self-channeling of high-peak-power femtosecond laser pulses in air,1995
283,Gérard Mourou,1470,0,1urou,False,spudk8gAAAAJ:u-x6o8ySG0sC,citations,Terawatt to petawatt subpicosecond lasers,1994
284,Gérard Mourou,1294,0,1urou,False,spudk8gAAAAJ:9yKSN-GCB0IC,citations,Generation of ultrahigh peak power pulses by chirped pulse amplification,1988
285,Gérard Mourou,1225,0,1urou,False,spudk8gAAAAJ:qjMakFHDy7sC,citations,Laser‐induced breakdown by impact ionization in SiO2 with pulse widths from 7 ns to 150 fs,1994
286,Gérard Mourou,1202,0,1urou,False,spudk8gAAAAJ:zYLM7Y9cAGgC,citations,Laser ablation and micromachining with ultrashort laser pulses,1997
287,Gérard Mourou,1146,0,1urou,False,spudk8gAAAAJ:IjCSPb-OGe4C,citations,Femtosecond optical breakdown in dielectrics,1998
288,Gérard Mourou,1093,0,1urou,False,spudk8gAAAAJ:Y0pCki6q_DkC,citations,Highly efficient relativistic-ion generation in the laser-piston regime,2004
289,Gérard Mourou,852,0,1urou,False,spudk8gAAAAJ:LkGwnXOMwfcC,citations,Ultra-high intensity-300-TW laser at 0.1 Hz repetition rate.,2008
290,Gérard Mourou,827,0,1urou,False,spudk8gAAAAJ:UeHWp8X0CEIC,citations,Ultrahigh-intensity laser: physics of the extreme on a tabletop,1997
291,Gérard Mourou,733,0,1urou,False,spudk8gAAAAJ:Tyk-4Ss8FVUC,citations,Time-resolved observation of electron-phonon relaxation in copper,1987
292,Gérard Mourou,701,0,1urou,False,spudk8gAAAAJ:YsMSGLbcyi4C,citations,Short-pulse laser damage in transparent materials as a function of pulse duration,1999
293,Gérard Mourou,616,0,1urou,False,spudk8gAAAAJ:eQOLeE2rZwMC,citations,Machining of sub-micron holes using a femtosecond laser at 800 nm,1995
294,Gérard Mourou,611,0,1urou,False,spudk8gAAAAJ:ULOm3_A8WrAC,citations,Method for controlling configuration of laser induced breakdown and ablation,1997
295,Gérard Mourou,579,0,1urou,False,spudk8gAAAAJ:W7OEmFMy1HYC,citations,Nonlinear optics in relativistic plasmas and laser wake field acceleration of electrons,1996
296,Gérard Mourou,507,0,1urou,False,spudk8gAAAAJ:ufrVoPGSRksC,citations,Subpicosecond carrier lifetime in GaAs grown by molecular beam epitaxy at low temperatures,1991
297,Gérard Mourou,504,0,1urou,False,spudk8gAAAAJ:5nxA0vEk-isC,citations,Generation and characterization of the highest laser intensities (10 22 W/cm 2),2004
298,Gérard Mourou,498,0,1urou,False,spudk8gAAAAJ:UebtZRa9Y70C,citations,Corneal refractive surgery with femtosecond lasers,1999
299,Gérard Mourou,448,0,1urou,False,spudk8gAAAAJ:WF5omc3nYNoC,citations,Subpicosecond electrooptic sampling: Principles and applications,1986
300,Guo-Liang Wang,2543,1,1Wang,False,m7pBX58AAAAJ:u5HHmVD_uO8C,citations,"A receptor kinase-like protein encoded by the rice disease resistance gene, Xa21",1995
301,Guo-Liang Wang,762,1,1Wang,False,m7pBX58AAAAJ:u-x6o8ySG0sC,citations,RFLP mapping of genes conferring complete and partial resistance to blast in a durably resistant rice cultivar.,1994
302,Guo-Liang Wang,626,1,1Wang,False,m7pBX58AAAAJ:9yKSN-GCB0IC,citations,R gene expression induced by a type-III effector triggers disease resistance in rice,2005
303,Guo-Liang Wang,592,1,1Wang,False,m7pBX58AAAAJ:UeHWp8X0CEIC,citations,The broad-spectrum blast resistance gene Pi9 encodes a nucleotide-binding site–leucine-rich repeat protein and is a member of a multigene family in rice,2006
304,Guo-Liang Wang,542,1,1Wang,False,m7pBX58AAAAJ:ye4kPcJQO24C,citations,Locating genes associated with root morphology and drought avoidance in rice via linkage to molecular markers,1995
305,Guo-Liang Wang,456,1,1Wang,False,m7pBX58AAAAJ:W7OEmFMy1HYC,citations,The eight amino-acid differences within three leucine-rich repeats between Pi2 and Piz-t resistance proteins determine the resistance specificity to Magnaporthe grisea,2006
306,Guo-Liang Wang,408,1,1Wang,False,m7pBX58AAAAJ:d1gkVwhDpl0C,citations,Metaphase and interphase fluorescence in situ hybridization mapping of the rice genome with bacterial artificial chromosomes,1995
307,Guo-Liang Wang,384,1,1Wang,False,m7pBX58AAAAJ:YsMSGLbcyi4C,citations,"Spotted leaf11, a negative regulator of plant cell death and defense, encodes a U-box/armadillo repeat protein endowed with E3 ubiquitin ligase activity",2004
308,Guo-Liang Wang,367,1,1Wang,False,m7pBX58AAAAJ:qjMakFHDy7sC,citations,Evolution of the rice Xa21 disease resistance gene family.,1997
309,Guo-Liang Wang,357,1,1Wang,False,m7pBX58AAAAJ:2P1L_qKh6hAC,citations,Chemical-and irradiation-induced mutants of indica rice IR64 for forward and reverse genetics,2005
310,Guo-Liang Wang,355,1,1Wang,False,m7pBX58AAAAJ:zYLM7Y9cAGgC,citations,"The cloned gene, Xa21, confers resistance to multiple Xanthomonas oryzae pv. oryzae isolates in transgenic plants.",1996
311,Guo-Liang Wang,345,1,1Wang,False,m7pBX58AAAAJ:2osOgNQ5qMEC,citations,Xa21D encodes a receptor-like molecule with a leucine-rich repeat domain that determines race-specific recognition and is subject to adaptive evolution,1998
312,Guo-Liang Wang,308,1,1Wang,False,m7pBX58AAAAJ:r0BpntZqJG4C,citations,Plant MPSS databases: signature-based transcriptional resources for analyses of mRNA and small RNA,2006
313,Guo-Liang Wang,305,1,1Wang,False,m7pBX58AAAAJ:5nxA0vEk-isC,citations,A versatile zero background T-vector system for gene cloning and functional genomics,2009
314,Guo-Liang Wang,298,1,1Wang,False,m7pBX58AAAAJ:0EnyYjriUFMC,citations,A highly efficient transient protoplast system for analyzing defence gene expression and protein–protein interactions in rice,2006
315,Guo-Liang Wang,298,1,1Wang,False,m7pBX58AAAAJ:hMod-77fHWUC,citations,"Two broad-spectrum blast resistance genes, Pi9(t) and Pi2(t), are physically linked on rice chromosome 6",2002
316,Guo-Liang Wang,276,1,1Wang,False,m7pBX58AAAAJ:fPk4N6BV_jEC,citations,The Magnaporthe oryzae effector AvrPiz-t targets the RING E3 Ubiquitin Ligase APIP6 to suppress pathogen-associated molecular pattern–triggered immunity in rice,2012
317,Guo-Liang Wang,276,1,1Wang,False,m7pBX58AAAAJ:ZHo1McVdvXMC,citations,Construction of a rice bacterial artificial chromosome library and identification of clones linked to the Xa‐21 disease resistance locus,1995
318,Guo-Liang Wang,276,1,1Wang,False,m7pBX58AAAAJ:IjCSPb-OGe4C,citations,Construction of a rice bacterial artificial chromosome library and identification of clones linked to the Xa‐21 disease resistance locus,1995
319,Guo-Liang Wang,275,1,1Wang,False,m7pBX58AAAAJ:Tyk-4Ss8FVUC,citations,An expression atlas of rice mRNAs and small RNAs,2007
320,Steven Chu,7151,1,2 Chu,False,b9Bod2MAAAAJ:u5HHmVD_uO8C,citations,Observation of a single-beam gradient force optical trap for dielectric particles,1986
321,Steven Chu,4262,1,2 Chu,False,b9Bod2MAAAAJ:IjCSPb-OGe4C,citations,Opportunities and challenges for a sustainable energy future,2012
322,Steven Chu,2845,1,2 Chu,False,b9Bod2MAAAAJ:aIdbFUkbNIkC,citations,High-performance bulk thermoelectrics with all-scale hierarchical architectures,2012
323,Steven Chu,2649,1,2 Chu,False,b9Bod2MAAAAJ:u-x6o8ySG0sC,citations,Trapping of neutral sodium atoms with radiation pressure,1987
324,Steven Chu,1472,1,2 Chu,False,b9Bod2MAAAAJ:d1gkVwhDpl0C,citations,Three-dimensional viscous confinement and cooling of atoms by resonance radiation pressure,1985
325,Steven Chu,1417,1,2 Chu,False,b9Bod2MAAAAJ:2osOgNQ5qMEC,citations,Atomic interferometry using stimulated Raman transitions,1991
326,Steven Chu,1401,1,2 Chu,False,b9Bod2MAAAAJ:9yKSN-GCB0IC,citations,Nobel Lecture: The manipulation of neutral particles,1998
327,Steven Chu,1280,1,2 Chu,False,b9Bod2MAAAAJ:qjMakFHDy7sC,citations,Experimental observation of optically trapped atoms,1986
328,Steven Chu,1254,1,2 Chu,False,b9Bod2MAAAAJ:ce2CqMG-AY4C,citations,The path towards sustainable energy,2017
329,Steven Chu,1085,1,2 Chu,False,b9Bod2MAAAAJ:k_IJM867U9cC,citations,Interconnected hollow carbon nanospheres for stable lithium metal anodes,2014
330,Steven Chu,998,1,2 Chu,False,b9Bod2MAAAAJ:UeHWp8X0CEIC,citations,Single polymer dynamics in an elongational flow,1997
331,Steven Chu,959,1,2 Chu,False,b9Bod2MAAAAJ:Y0pCki6q_DkC,citations,Measurement of gravitational acceleration by dropping atoms,1999
332,Steven Chu,913,1,2 Chu,False,b9Bod2MAAAAJ:eQOLeE2rZwMC,citations,High-precision gravity measurements using atom interferometry,2001
333,Steven Chu,856,1,2 Chu,False,b9Bod2MAAAAJ:Tyk-4Ss8FVUC,citations,Relaxation of a single DNA molecule observed by optical microscopy,1994
334,Steven Chu,846,1,2 Chu,False,b9Bod2MAAAAJ:W7OEmFMy1HYC,citations,Single-polymer dynamics in steady shear flow,1999
335,Steven Chu,819,1,2 Chu,False,b9Bod2MAAAAJ:zYLM7Y9cAGgC,citations,A single-molecule study of RNA catalysis and folding,2000
336,Steven Chu,715,1,2 Chu,False,b9Bod2MAAAAJ:YsMSGLbcyi4C,citations,Stretching of a single tethered polymer in a uniform flow,1995
337,Steven Chu,682,1,2 Chu,False,b9Bod2MAAAAJ:WF5omc3nYNoC,citations,Laser cooling below a photon recoil with three-level atoms,1992
338,Steven Chu,636,1,2 Chu,False,b9Bod2MAAAAJ:_FxGoFyzp5QC,citations,Optical molasses and multilevel atoms: theory,1989
339,Steven Chu,629,1,2 Chu,False,b9Bod2MAAAAJ:u-coK7KVo8oC,citations,Selective deposition and stable encapsulation of lithium through heterogeneous seeded growth,2016
340,Jun Zhu,624,1,2 Zhu,False,DpHT2h0AAAAJ:2osOgNQ5qMEC,citations,Anaerobic digested dairy manure as a nutrient supplement for cultivation of oil-rich green microalgae Chlorella sp.,2010
341,Jun Zhu,605,1,2 Zhu,False,DpHT2h0AAAAJ:Y0pCki6q_DkC,citations,Characterization of a microalga Chlorella sp. well adapted to highly concentrated municipal wastewater for nutrient removal and biodiesel production,2011
342,Jun Zhu,451,1,2 Zhu,False,DpHT2h0AAAAJ:_QFUy-i41P4C,citations,Genetic heterogeneity of diffuse large B-cell lymphoma,2013
343,Jun Zhu,407,1,2 Zhu,False,DpHT2h0AAAAJ:-WH5uU-2cuwC,citations,Meso/macroporous nitrogen‐doped carbon architectures with iron carbide encapsulated in graphitic layers as an efficient and robust catalyst for the oxygen reduction reaction in …,2015
344,Jun Zhu,323,1,2 Zhu,False,DpHT2h0AAAAJ:sgVRHlApM4oC,citations,Mechanical properties and microstructure of a graphene oxide–cement composite,2015
345,Jun Zhu,310,1,2 Zhu,False,DpHT2h0AAAAJ:d1gkVwhDpl0C,citations,A review of microbiology in swine manure odor control,2000
346,Jun Zhu,297,1,2 Zhu,False,DpHT2h0AAAAJ:zYLM7Y9cAGgC,citations,Biogas and CH4 productivity by co-digesting swine manure with three crop residues as an external carbon source,2010
347,Jun Zhu,272,1,2 Zhu,False,DpHT2h0AAAAJ:MBnQv3n-1h8C,citations,A novel putative auxin carrier family regulates intracellular auxin homeostasis in plants,2012
348,Jun Zhu,261,1,2 Zhu,False,DpHT2h0AAAAJ:nOfKPThFuXcC,citations,Prevalence and risk factors of chronic obstructive pulmonary disease in China (the China Pulmonary Health [CPH] study): a national cross-sectional study,2018
349,Jun Zhu,234,1,2 Zhu,False,DpHT2h0AAAAJ:gTud6kY3p2wC,citations,Combination of Tevatron Searches for the Standard Model Higgs Boson in the  Decay Mode,2010
350,Jun Zhu,198,1,2 Zhu,False,DpHT2h0AAAAJ:4A5zTCHmOcMC,citations,Adenylylcyclase increases responsiveness to catecholamine stimulation in transgenic mice,1999
351,Jun Zhu,180,1,2 Zhu,False,DpHT2h0AAAAJ:TAkmkrPVePIC,citations,Identifying stable patterns over time for emotion recognition from EEG,2017
352,Jun Zhu,175,1,2 Zhu,False,DpHT2h0AAAAJ:9yKSN-GCB0IC,citations,Daily variations in odor and gas emissions from animal facilities,2000
353,Jun Zhu,172,1,2 Zhu,False,DpHT2h0AAAAJ:mOeHfWVqRE4C,citations,Improved single-ended traveling-wave fault-location algorithm based on experience with conventional substation transducers,2006
354,Jun Zhu,164,1,2 Zhu,False,DpHT2h0AAAAJ:lgavJseCKEcC,citations,Surface plasmon-enhanced electroluminescence in organic light-emitting diodes incorporating Au nanoparticles,2012
355,Jun Zhu,156,1,2 Zhu,False,DpHT2h0AAAAJ:8m4wTQn51gQC,citations,"Discovery of AMG 232, a potent, selective, and orally bioavailable MDM2–p53 inhibitor in clinical development",2014
356,Jun Zhu,153,1,2 Zhu,False,DpHT2h0AAAAJ:qtIad817JNcC,citations,Symbiosis within symbiosis: evolving nitrogen-fixing legume symbionts,2016
357,Jun Zhu,150,1,2 Zhu,False,DpHT2h0AAAAJ:h9UAY_4_kLEC,citations,Heat transfer and pressure drop of nanofluids containing carbon nanotubes in laminar flows,2013
358,Jun Zhu,140,1,2 Zhu,False,DpHT2h0AAAAJ:oe-dhlAyNXgC,citations,Self-standing porous LiMn2O4 nanowall arrays as promising cathodes for advanced 3D microbatteries and flexible lithium-ion batteries,2016
359,Jun Zhu,138,1,2 Zhu,False,DpHT2h0AAAAJ:boGf3zyra0UC,citations,Experience report: System log analysis for anomaly detection,2016
360,Bing-Hua Jiang,6229,1,2iang,False,1PutNVoAAAAJ:u5HHmVD_uO8C,citations,Hypoxia-inducible factor 1 is a basic-helix-loop-helix-PAS heterodimer regulated by cellular O2 tension,1995
361,Bing-Hua Jiang,4145,1,2iang,False,1PutNVoAAAAJ:u-x6o8ySG0sC,citations,Activation of vascular endothelial growth factor gene transcription by hypoxia-inducible factor 1.,1996
362,Bing-Hua Jiang,1688,1,2iang,False,1PutNVoAAAAJ:d1gkVwhDpl0C,citations,"Hypoxia response elements in the aldolase A, enolase 1, and lactate dehydrogenase A gene promoters contain essential binding sites for hypoxia-inducible factor 1",1996
363,Bing-Hua Jiang,1367,1,2iang,False,1PutNVoAAAAJ:9yKSN-GCB0IC,citations,Hypoxia-inducible factor 1 levels vary exponentially over a physiologically relevant range of O2 tension,1996
364,Bing-Hua Jiang,1266,1,2iang,False,1PutNVoAAAAJ:2osOgNQ5qMEC,citations,"Dimerization, DNA binding, and transactivation properties of hypoxia-inducible factor 1",1996
365,Bing-Hua Jiang,812,1,2iang,False,1PutNVoAAAAJ:qjMakFHDy7sC,citations,Hypoxia-inducible factor-1 mediates transcriptional activation of the heme oxygenase-1 gene in response to hypoxia,1997
366,Bing-Hua Jiang,767,1,2iang,False,1PutNVoAAAAJ:UeHWp8X0CEIC,citations,Transactivation and inhibitory domains of hypoxia-inducible factor 1α modulation of transcriptional activity by oxygen tension,1997
367,Bing-Hua Jiang,673,1,2iang,False,1PutNVoAAAAJ:IjCSPb-OGe4C,citations,V-SRC induces expression of hypoxia-inducible factor 1 (HIF-1) and transcription of genes encoding vascular endothelial growth factor and enolase 1: involvement of HIF-1 in …,1997
368,Bing-Hua Jiang,655,1,2iang,False,1PutNVoAAAAJ:zYLM7Y9cAGgC,citations,Phosphatidylinositol 3-kinase signaling mediates angiogenesis and expression of vascular endothelial growth factor in endothelial cells,2000
369,Bing-Hua Jiang,632,1,2iang,False,1PutNVoAAAAJ:Tyk-4Ss8FVUC,citations,Phosphatidylinositol 3-kinase signaling controls levels of hypoxia-inducible factor 1,2001
370,Bing-Hua Jiang,608,1,2iang,False,1PutNVoAAAAJ:Y0pCki6q_DkC,citations,PI3K/PTEN signaling in angiogenesis and tumorigenesis,2009
371,Bing-Hua Jiang,441,1,2iang,False,1PutNVoAAAAJ:eQOLeE2rZwMC,citations,Reactive oxygen species regulate angiogenesis and tumor growth through vascular endothelial growth factor,2007
372,Bing-Hua Jiang,421,1,2iang,False,1PutNVoAAAAJ:W7OEmFMy1HYC,citations,Structural and functional analysis of hypoxia-inducible factor 1,1997
373,Bing-Hua Jiang,420,1,2iang,False,1PutNVoAAAAJ:hqOjcs7Dif8C,citations,MiR-21 induced angiogenesis through AKT and ERK activation and HIF-1α expression,2011
374,Bing-Hua Jiang,402,1,2iang,False,1PutNVoAAAAJ:YsMSGLbcyi4C,citations,PI3K/PTEN signaling in tumorigenesis and angiogenesis,2008
375,Bing-Hua Jiang,390,1,2iang,False,1PutNVoAAAAJ:WF5omc3nYNoC,citations,G1 cell cycle progression and the expression of G1 cyclins are regulated by PI3K/AKT/mTOR/p70S6K1 signaling in human ovarian cancer cells,2004
376,Bing-Hua Jiang,326,1,2iang,False,1PutNVoAAAAJ:roLk4NBRz8UC,citations,"Cyanidin-3-glucoside, a natural product derived from blackberry, exhibits chemopreventive and chemotherapeutic activity",2006
377,Bing-Hua Jiang,323,1,2iang,False,1PutNVoAAAAJ:ufrVoPGSRksC,citations,Cross-talk between epidermal growth factor receptor and hypoxia-inducible factor-1α signal pathways increases resistance to apoptosis by up-regulating survivin gene expression,2006
378,Bing-Hua Jiang,302,1,2iang,False,1PutNVoAAAAJ:_FxGoFyzp5QC,citations,Apigenin inhibits VEGF and HIF‐1 expression via PI3K/AKT/p70S6K1 and HDM2/p53 pathways,2005
379,Bing-Hua Jiang,297,1,2iang,False,1PutNVoAAAAJ:Se3iqnhoufwC,citations,Role of PI3K/AKT/mTOR signaling in the cell cycle progression of human prostate cancer,2003
380,Donna Strickland,5545,0,2land,False,Cv9djkcAAAAJ:u5HHmVD_uO8C,citations,Compression of amplified chirped optical pulses,1985
381,Donna Strickland,1294,0,2land,False,Cv9djkcAAAAJ:u-x6o8ySG0sC,citations,Generation of ultrahigh peak power pulses by chirped pulse amplification,1988
382,Donna Strickland,816,0,2land,False,Cv9djkcAAAAJ:d1gkVwhDpl0C,citations,Tunneling ionization of noble gases in a high-intensity laser field,1989
383,Donna Strickland,686,0,2land,False,Cv9djkcAAAAJ:9yKSN-GCB0IC,citations,Laser ionization of noble gases by Coulomb-barrier suppression,1991
384,Donna Strickland,390,0,2land,False,Cv9djkcAAAAJ:2osOgNQ5qMEC,citations,Femtosecond laser pulse shaping by use of microsecond radio-frequency pulses,1994
385,Donna Strickland,204,0,2land,False,Cv9djkcAAAAJ:qjMakFHDy7sC,citations,Optical studies of inertially confined molecular iodine ions,1992
386,Donna Strickland,180,0,2land,False,Cv9djkcAAAAJ:UeHWp8X0CEIC,citations,Short-pulse laser absorption in very steep plasma density gradients,1989
387,Donna Strickland,170,0,2land,False,Cv9djkcAAAAJ:IjCSPb-OGe4C,citations,Molecular reorientation during dissociative multiphoton ionization,1993
388,Donna Strickland,81,0,2land,False,Cv9djkcAAAAJ:Y0pCki6q_DkC,citations,Interaction of a 1 psec laser pulse with solid matter,1991
389,Donna Strickland,70,0,2land,False,Cv9djkcAAAAJ:zYLM7Y9cAGgC,citations,Resistance of short pulses to self-focusing,1994
390,Donna Strickland,60,0,2land,False,Cv9djkcAAAAJ:Tyk-4Ss8FVUC,citations,Absorption of an ultrashort laser pulse in very steep plasma density gradients,1989
391,Donna Strickland,58,0,2land,False,Cv9djkcAAAAJ:W7OEmFMy1HYC,citations,Cr: LiSrAlF 6 regenerative amplifier,1992
392,Donna Strickland,36,0,2land,False,Cv9djkcAAAAJ:LkGwnXOMwfcC,citations,Multifrequency parametric infrared Raman generation in KGd (WO 4) 2 crystal with biharmonic ultrashort-pulse pumping,2002
393,Donna Strickland,34,0,2land,False,Cv9djkcAAAAJ:maZDTaKrznsC,citations,Intense second harmonic generation and long‐range structural ordering in thin films of an organic salt grown by organic vapor phase deposition,1996
394,Donna Strickland,33,0,2land,False,Cv9djkcAAAAJ:ufrVoPGSRksC,citations,Development of a dual-wavelength Ti: sapphire multi-pass amplifier and its application to intense mid-infrared generation,2002
395,Donna Strickland,32,0,2land,False,Cv9djkcAAAAJ:WF5omc3nYNoC,citations,Dual-wavelength chirped-pulse amplification system,2000
396,Donna Strickland,32,0,2land,False,Cv9djkcAAAAJ:YsMSGLbcyi4C,citations,Short pulse self-focusing,1991
397,Donna Strickland,26,0,2land,False,Cv9djkcAAAAJ:eQOLeE2rZwMC,citations,Multiphoton ionization of inertially confined molecular ions,1993
398,Donna Strickland,24,0,2land,False,Cv9djkcAAAAJ:_FxGoFyzp5QC,citations,"Mid-infrared pulses generated from the mixing output of an amplified, dual-wavelength Ti: sapphire system",2002
399,Donna Strickland,23,0,2land,False,Cv9djkcAAAAJ:O3NaXMp0MMsC,citations,HIGH-INTENSITY LASER-PULSES EXTEND THE REALM OF OPTICAL PHYSICS,1987
400,Cynthia Kinnan,2076,1,2nnan,False,Uiujt8gAAAAJ:u5HHmVD_uO8C,citations,The miracle of microfinance? Evidence from a randomized evaluation,2015
401,Cynthia Kinnan,224,1,2nnan,False,Uiujt8gAAAAJ:-f6ydRqryjwC,citations,The miracle of microfinance,2009
402,Cynthia Kinnan,176,1,2nnan,False,Uiujt8gAAAAJ:9yKSN-GCB0IC,citations,"Kinship and financial networks, formal financial access, and risk reduction",2012
403,Cynthia Kinnan,150,1,2nnan,False,Uiujt8gAAAAJ:d1gkVwhDpl0C,citations,Distinguishing barriers to insurance in Thai villages,2014
404,Cynthia Kinnan,120,1,2nnan,False,Uiujt8gAAAAJ:hqOjcs7Dif8C,citations,Social networks as contract enforcement: Evidence from a lab experiment in the field,2018
405,Cynthia Kinnan,82,1,2nnan,False,Uiujt8gAAAAJ:8k81kl-MbHgC,citations,Do credit constraints limit entrepreneurship? Heterogeneity in the returns to microfinance,2017
406,Cynthia Kinnan,42,1,2nnan,False,Uiujt8gAAAAJ:4TOpqqG69KYC,citations,Access to migration for rural households,2018
407,Cynthia Kinnan,42,1,2nnan,False,Uiujt8gAAAAJ:qxL8FJ1GzNcC,citations,Measuring the equilibrium impacts of credit: Evidence from the Indian microfinance crisis,2018
408,Cynthia Kinnan,19,1,2nnan,False,Uiujt8gAAAAJ:UeHWp8X0CEIC,citations,"Information, networks and informal insurance: evidence from a lab experiment in the field",2011
409,Cynthia Kinnan,18,1,2nnan,False,Uiujt8gAAAAJ:RHpTSmoSYBkC,citations,Can microfinance unlock a poverty trap for some entrepreneurs?,2019
410,Cynthia Kinnan,3,1,2nnan,False,Uiujt8gAAAAJ:dhFuZR0502QC,citations,Impact of family planning and business trainings on private-sector health care providers in Nigeria,2017
411,Cynthia Kinnan,3,1,2nnan,False,Uiujt8gAAAAJ:mB3voiENLucC,citations,American Economic Journal,2015
412,Cynthia Kinnan,2,1,2nnan,False,Uiujt8gAAAAJ:hC7cP41nSMkC,citations,The Miracle of,2009
413,Cynthia Kinnan,1,1,2nnan,False,Uiujt8gAAAAJ:QIV2ME_5wuYC,citations,Expanding Indian public health insurance above the poverty line,2016
414,Cynthia Kinnan,1,1,2nnan,False,Uiujt8gAAAAJ:Tyk-4Ss8FVUC,citations,Smoothing consumption across households and time: essays in development economics,2010
415,Cynthia Kinnan,0,1,2nnan,False,Uiujt8gAAAAJ:isC4tDSrTZIC,citations,Adverse selection does not explain why utilization rises with premiums: evidence from a health insurance experiment in India,2020
416,Cynthia Kinnan,0,1,2nnan,False,Uiujt8gAAAAJ:bEWYMUwI8FkC,citations,Replication data for: The Miracle of Microfinance? Evidence from a Randomized Evaluation,2019
417,Cynthia Kinnan,0,1,2nnan,False,Uiujt8gAAAAJ:r0BpntZqJG4C,citations,Replication data for: Access to Migration for Rural Households,2019
418,Cynthia Kinnan,0,1,2nnan,False,Uiujt8gAAAAJ:_Qo2XoVZTnwC,citations,Insurance and Propagation in Village Networks,2019
419,Cynthia Kinnan,0,1,2nnan,False,Uiujt8gAAAAJ:R3hNpaxXUhUC,citations,"Pre-Analysis Plan for Endline Data in the Indian Health Insurance Experiment (amended) Note: This version amends the original version, posted March 14, 2019. The original, time …",2019
420,Frances Arnold,2196,0,3nold,False,wil5NhcAAAAJ:u5HHmVD_uO8C,citations,Dynamic pattern formation in a vesicle-generating microfluidic device,2001
421,Frances Arnold,1299,0,3nold,False,wil5NhcAAAAJ:u-x6o8ySG0sC,citations,A microfabricated fluorescence-activated cell sorter,1999
422,Frances Arnold,1148,0,3nold,False,wil5NhcAAAAJ:2osOgNQ5qMEC,citations,A synthetic multicellular system for programmed pattern formation,2005
423,Frances Arnold,1093,0,3nold,False,wil5NhcAAAAJ:d1gkVwhDpl0C,citations,Molecular evolution by staggered extension process (StEP) in vitro recombination,1998
424,Frances Arnold,943,0,3nold,False,wil5NhcAAAAJ:YsMSGLbcyi4C,citations,Protein stability promotes evolvability,2006
425,Frances Arnold,736,0,3nold,False,wil5NhcAAAAJ:4DMP91E08xMC,citations,Exploring protein fitness landscapes by directed evolution,2009
426,Frances Arnold,729,0,3nold,False,wil5NhcAAAAJ:WF5omc3nYNoC,citations,Programmed population control by cell–cell communication and regulated killing,2004
427,Frances Arnold,729,0,3nold,False,wil5NhcAAAAJ:9yKSN-GCB0IC,citations,An integrated microfabricated cell sorter,2002
428,Frances Arnold,724,0,3nold,False,wil5NhcAAAAJ:qUcmZB5y_30C,citations,Engineering microbial consortia: a new frontier in synthetic biology,2008
429,Frances Arnold,719,0,3nold,False,wil5NhcAAAAJ:Tyk-4Ss8FVUC,citations,Why highly expressed proteins evolve slowly,2005
430,Frances Arnold,713,0,3nold,False,wil5NhcAAAAJ:eAlLMO4JVmQC,citations,Design by directed evolution,1998
431,Frances Arnold,676,0,3nold,False,wil5NhcAAAAJ:W7OEmFMy1HYC,citations,Long-term monitoring of bacteria undergoing programmed population control in a microchemostat,2005
432,Frances Arnold,620,0,3nold,False,wil5NhcAAAAJ:zYLM7Y9cAGgC,citations,Directed evolution of a thermostable esterase,1998
433,Frances Arnold,599,0,3nold,False,wil5NhcAAAAJ:qjMakFHDy7sC,citations,Metal-affinity separations: a new dimension in protein processing,1991
434,Frances Arnold,588,0,3nold,False,wil5NhcAAAAJ:eQOLeE2rZwMC,citations,Tuning the activity of an enzyme for unusual environments: sequential random mutagenesis of subtilisin E for catalysis in dimethylformamide,1993
435,Frances Arnold,587,0,3nold,False,wil5NhcAAAAJ:UeHWp8X0CEIC,citations,Directed evolution of a para-nitrobenzyl esterase for aqueous-organic solvents,1996
436,Frances Arnold,579,0,3nold,False,wil5NhcAAAAJ:IjCSPb-OGe4C,citations,Combinatorial and computational challenges for biocatalyst design,2001
437,Frances Arnold,503,0,3nold,False,wil5NhcAAAAJ:Y0pCki6q_DkC,citations,Laboratory evolution of peroxide-mediated cytochrome P450 hydroxylation,1999
438,Frances Arnold,502,0,3nold,False,wil5NhcAAAAJ:sNmaIFBj_lkC,citations,Olefin cyclopropanation via carbene transfer catalyzed by engineered cytochrome P450 enzymes,2013
439,Frances Arnold,490,0,3nold,False,wil5NhcAAAAJ:ufrVoPGSRksC,citations,Directed evolution of a genetic circuit,2002
440,Michael W. Young,397,0,3oung,False,oYfxmfYAAAAJ:u5HHmVD_uO8C,citations,"Fighting with food. Leadership, values and social control in a Massim society.",1971
441,Michael W. Young,264,0,3oung,False,oYfxmfYAAAAJ:9yKSN-GCB0IC,citations,"Malinowski: Odyssey of an anthropologist, 1884-1920",2004
442,Michael W. Young,142,0,3oung,False,oYfxmfYAAAAJ:2osOgNQ5qMEC,citations,Malinowski's Kiriwina: fieldwork photography 1915-1918,1998
443,Michael W. Young,118,0,3oung,False,oYfxmfYAAAAJ:u-x6o8ySG0sC,citations,Magicians of manumanua: Living myth in Kalauna,1983
444,Michael W. Young,115,0,3oung,False,oYfxmfYAAAAJ:P7Ujq4OLJYoC,citations,The Ethnography of Malinowski. The Trobriand Islands 1915-18.,1979
445,Michael W. Young,100,0,3oung,False,oYfxmfYAAAAJ:eflP2zaiRacC,citations,Miraculous Voices: The Auditory Experience of Numinous Objects [and Comments and Replies],1984
446,Michael W. Young,93,0,3oung,False,oYfxmfYAAAAJ:u-coK7KVo8oC,citations,The Elmhirsts of Dartington,2019
447,Michael W. Young,70,0,3oung,False,oYfxmfYAAAAJ:zA6iFVUQeVQC,citations,The divine kingship of the Jukun: A re-evaluation of some theories,1966
448,Michael W. Young,62,0,3oung,False,oYfxmfYAAAAJ:OP4eGU-M3BUC,citations,The Trobriand Islands,1915
449,Michael W. Young,53,0,3oung,False,oYfxmfYAAAAJ:gVv57TyPmFsC,citations,Swarm granulator,2004
450,Michael W. Young,49,0,3oung,False,oYfxmfYAAAAJ:foquWX3nUaYC,citations,The role of adjuvant radiotherapy after gross total resection of atypical meningiomas,2015
451,Michael W. Young,42,0,3oung,False,oYfxmfYAAAAJ:D_sINldO8mEC,citations,Commemorating missionary heroes: local Christianity and narratives of nationalism,1997
452,Michael W. Young,41,0,3oung,False,oYfxmfYAAAAJ:IRz6iEL74y4C,citations,NN music: improvising with a ‘living’computer,2007
453,Michael W. Young,41,0,3oung,False,oYfxmfYAAAAJ:IjCSPb-OGe4C,citations,"An anthropologist in Papua: the photography of FE Williams, 1922-39",2001
454,Michael W. Young,37,0,3oung,False,oYfxmfYAAAAJ:zYLM7Y9cAGgC,citations,"The intensive study of a restricted area, or, why did Malinowski go to the Trobriand Islands?",1984
455,Michael W. Young,30,0,3oung,False,oYfxmfYAAAAJ:UeHWp8X0CEIC,citations,Doctor Bromilow and the Bwaidoka wars,1977
456,Michael W. Young,26,0,3oung,False,oYfxmfYAAAAJ:qjMakFHDy7sC,citations,'Our Name is Women; We are Bought with Limesticks and  Limepots An Analysis of the Autobiographical Narrative of  a Kalauna Woman,1983
457,Michael W. Young,25,0,3oung,False,oYfxmfYAAAAJ:Y0pCki6q_DkC,citations,The Massim: an introduction,1983
458,Michael W. Young,24,0,3oung,False,oYfxmfYAAAAJ:Tyk-4Ss8FVUC,citations,"The tusk, the flute and the serpent: disguise and revelation in Goodenough mythology",1987
459,Michael W. Young,23,0,3oung,False,oYfxmfYAAAAJ:ufrVoPGSRksC,citations,THE CARELESS COLLECTOR,2000
460,Stanley Whittingham,5417,0,4gham,False,df-6g6kAAAAJ:u5HHmVD_uO8C,citations,Lithium batteries and cathode materials,2004
461,Stanley Whittingham,1584,0,4gham,False,df-6g6kAAAAJ:u-x6o8ySG0sC,citations,Chemistry of intercalation compounds: metal guests in chalcogenide hosts,1978
462,Stanley Whittingham,1511,0,4gham,False,df-6g6kAAAAJ:TGkaJS32XoUC,citations,Electrical energy storage and intercalation chemistry,1976
463,Stanley Whittingham,816,0,4gham,False,df-6g6kAAAAJ:27LrP4qxOz0C,citations,Hydrothermal synthesis of lithium iron phosphate cathodes,2001
464,Stanley Whittingham,782,0,4gham,False,df-6g6kAAAAJ:d1gkVwhDpl0C,citations,The role of ternary phases in cathode reactions,1976
465,Stanley Whittingham,767,0,4gham,False,df-6g6kAAAAJ:v_tt_AnqfNMC,citations,Intercalation chemistry,2012
466,Stanley Whittingham,751,0,4gham,False,df-6g6kAAAAJ:eQOLeE2rZwMC,citations,Layered vanadium and molybdenum oxides: batteries and electrochromics,2009
467,Stanley Whittingham,707,0,4gham,False,df-6g6kAAAAJ:VLnqNzywnoUC,citations,Lithium–oxygen batteries: bridging mechanistic understanding and battery performance,2013
468,Stanley Whittingham,602,0,4gham,False,df-6g6kAAAAJ:5nxA0vEk-isC,citations,Materials challenges facing electrical energy storage,2008
469,Stanley Whittingham,591,0,4gham,False,df-6g6kAAAAJ:abG-DnoFyZgC,citations,"History, evolution, and future status of energy storage",2012
470,Stanley Whittingham,573,0,4gham,False,df-6g6kAAAAJ:qwy9JoKyICEC,citations,Ultimate limits to intercalation reactions for lithium batteries,2014
471,Stanley Whittingham,522,0,4gham,False,df-6g6kAAAAJ:tHtfpZlB6tUC,citations,"Reactivity, stability and electrochemical behavior of lithium iron phosphates",2002
472,Stanley Whittingham,422,0,4gham,False,df-6g6kAAAAJ:qjMakFHDy7sC,citations,Hydrothermal synthesis of lithium iron phosphate,2006
473,Stanley Whittingham,416,0,4gham,False,df-6g6kAAAAJ:pqnbT2bcN3wC,citations,Conversion reaction mechanisms in lithium ion batteries: study of the binary metal fluoride electrodes,2011
474,Stanley Whittingham,393,0,4gham,False,df-6g6kAAAAJ:ZHo1McVdvXMC,citations,High‐Performance LiNi0.5Mn1.5O4 Spinel Controlled by Mn3+ Concentration and Site Disorder,2012
475,Stanley Whittingham,386,0,4gham,False,df-6g6kAAAAJ:9yKSN-GCB0IC,citations,Hydrothermal synthesis of vanadium oxides,1998
476,Stanley Whittingham,380,0,4gham,False,df-6g6kAAAAJ:2osOgNQ5qMEC,citations,Measurement of sodium ion transport in beta alumina using reversible solid electrodes,1971
477,Stanley Whittingham,332,0,4gham,False,df-6g6kAAAAJ:Y0pCki6q_DkC,citations,The hydrothermal synthesis and characterization of olivines and related compounds for electrochemical applications,2008
478,Stanley Whittingham,332,0,4gham,False,df-6g6kAAAAJ:IjCSPb-OGe4C,citations,The lithium intercalates of the transition metal dichalcogenides,1975
479,Stanley Whittingham,318,0,4gham,False,df-6g6kAAAAJ:UeHWp8X0CEIC,citations,Structural chemistry of vanadium oxides with open frameworks,1999
480,Joachim Frank,2176,0,4rank,False,a7LHl00AAAAJ:u5HHmVD_uO8C,citations,SPIDER and WEB: processing and visualization of images in 3D electron microscopy and related fields,1996
481,Joachim Frank,1564,0,4rank,False,a7LHl00AAAAJ:c59VksA5Vz4C,citations,Three-dimensional electron microscopy of macromolecular assemblies: visualization of biological molecules in their native state,2006
482,Joachim Frank,1044,0,4rank,False,a7LHl00AAAAJ:vxA22ZmNLkoC,citations,Electron tomography: methods for three-dimensional visualization of structures in the cell,2008
483,Joachim Frank,874,0,4rank,False,a7LHl00AAAAJ:d1gkVwhDpl0C,citations,A ratchet-like inter-subunit reorganization of the ribosome during translocation,2000
484,Joachim Frank,702,0,4rank,False,a7LHl00AAAAJ:KlAtU1dfN6UC,citations,Flexible fitting of atomic structures into electron microscopy maps using molecular dynamics,2008
485,Joachim Frank,697,0,4rank,False,a7LHl00AAAAJ:9yKSN-GCB0IC,citations,Use of multivariates statistics in analysing the images of biological macromolecules,1981
486,Joachim Frank,643,0,4rank,False,a7LHl00AAAAJ:qjMakFHDy7sC,citations,Locking and unlocking of ribosomal motions,2003
487,Joachim Frank,594,0,4rank,False,a7LHl00AAAAJ:UeHWp8X0CEIC,citations,Hepatitis C virus IRES RNA-induced changes in the conformation of the 40s ribosomal subunit,2001
488,Joachim Frank,590,0,4rank,False,a7LHl00AAAAJ:2osOgNQ5qMEC,citations,Structure of the 80S ribosome from Saccharomyces cerevisiae—tRNA-ribosome and subunit-subunit interactions,2001
489,Joachim Frank,542,0,4rank,False,a7LHl00AAAAJ:Tyk-4Ss8FVUC,citations,"Three‐dimensional reconstruction from a single‐exposure, random conical tilt series applied to the 50S ribosomal subunit of Escherichia coli",1987
490,Joachim Frank,517,0,4rank,False,a7LHl00AAAAJ:IjCSPb-OGe4C,citations,Three-dimensional reconstruction of single particles embedded in ice,1992
491,Joachim Frank,476,0,4rank,False,a7LHl00AAAAJ:zYLM7Y9cAGgC,citations,Solution structure of the E. coli 70S ribosome at 11.5 Å resolution,2000
492,Joachim Frank,475,0,4rank,False,a7LHl00AAAAJ:W7OEmFMy1HYC,citations,A model of protein synthesis based on cryo-electron microscopy of the E. coli ribosome,1995
493,Joachim Frank,469,0,4rank,False,a7LHl00AAAAJ:7Frjd3zlGBUC,citations,Climate change and food safety: A review,2010
494,Joachim Frank,458,0,4rank,False,a7LHl00AAAAJ:Y0pCki6q_DkC,citations,Architecture of the protein-conducting channel associated with the translating 80S ribosome,2001
495,Joachim Frank,456,0,4rank,False,a7LHl00AAAAJ:ufrVoPGSRksC,citations,The ribosome at improved resolution: new techniques for merging and orientation refinement in 3D cryo-electron microscopy of biological particles,1994
496,Joachim Frank,443,0,4rank,False,a7LHl00AAAAJ:dhFuZR0502QC,citations,SPIDER image processing for single-particle reconstruction of biological macromolecules from electron micrographs,2008
497,Joachim Frank,434,0,4rank,False,a7LHl00AAAAJ:QIV2ME_5wuYC,citations,Molecular architecture of the human pre-mRNA 3′ processing complex,2009
498,Joachim Frank,428,0,4rank,False,a7LHl00AAAAJ:UebtZRa9Y70C,citations,Structure of the signal recognition particle interacting with the elongation-arrested ribosome,2004
499,Joachim Frank,425,0,4rank,False,a7LHl00AAAAJ:eQOLeE2rZwMC,citations,Visualization of elongation factor G on the Escherichia coli 70S ribosome: the mechanism of translocation,1998
500,Greg Winter,3207,0,5nter,False,QQOy6PIAAAAJ:u5HHmVD_uO8C,citations,Phage antibodies: filamentous phage displaying antibody variable domains,1990
501,Greg Winter,2857,0,5nter,False,QQOy6PIAAAAJ:u-x6o8ySG0sC,citations,Reshaping human antibodies for therapy,1988
502,Greg Winter,2392,0,5nter,False,QQOy6PIAAAAJ:9yKSN-GCB0IC,citations,By-passing immunization: human antibodies from V-gene libraries displayed on phage,1991
503,Greg Winter,2380,0,5nter,False,QQOy6PIAAAAJ:2osOgNQ5qMEC,citations,Replacing the complementarity-determining regions in a human antibody with those from a mouse,1986
504,Greg Winter,2171,0,5nter,False,QQOy6PIAAAAJ:d1gkVwhDpl0C,citations,Making antibodies by phage display technology,1994
505,Greg Winter,1961,0,5nter,False,QQOy6PIAAAAJ:qjMakFHDy7sC,citations,Making antibody fragments using phage display libraries,1991
506,Greg Winter,1750,0,5nter,False,QQOy6PIAAAAJ:UeHWp8X0CEIC,citations,Binding activities of a repertoire of single immunoglobulin variable domains secreted from Escherichia coli,1989
507,Greg Winter,1568,0,5nter,False,QQOy6PIAAAAJ:Tyk-4Ss8FVUC,citations,""" Diabodies"": small bivalent and bispecific antibody fragments",1993
508,Greg Winter,1500,0,5nter,False,QQOy6PIAAAAJ:IjCSPb-OGe4C,citations,Man-made antibodies,1991
509,Greg Winter,1484,0,5nter,False,QQOy6PIAAAAJ:zYLM7Y9cAGgC,citations,Multi-subunit proteins on the surface of filamentous phage: methodologies for displaying antibody (Fab) heavy and light chains,1991
510,Greg Winter,1143,0,5nter,False,QQOy6PIAAAAJ:Y0pCki6q_DkC,citations,Cloning immunoglobulin variable domains for expression by the polymerase chain reaction,1989
511,Greg Winter,1143,0,5nter,False,QQOy6PIAAAAJ:W7OEmFMy1HYC,citations,Hydrogen bonding and biological specificity analysed by protein engineering,1985
512,Greg Winter,921,0,5nter,False,QQOy6PIAAAAJ:WF5omc3nYNoC,citations,Reshaping human antibodies: grafting an antilysozyme activity,1988
513,Greg Winter,883,0,5nter,False,QQOy6PIAAAAJ:eQOLeE2rZwMC,citations,Selection of phage antibodies by binding affinity: mimicking affinity maturation,1992
514,Greg Winter,880,0,5nter,False,QQOy6PIAAAAJ:hqOjcs7Dif8C,citations,By–Passing Immunization: Building High Affinity Human Antibodies by Chain Shuffling,1992
515,Greg Winter,807,0,5nter,False,QQOy6PIAAAAJ:YsMSGLbcyi4C,citations,The repertoire of human germline VH sequences reveals about fifty groups of VH segments with different hypervariable loops,1992
516,Greg Winter,764,0,5nter,False,QQOy6PIAAAAJ:ufrVoPGSRksC,citations,By-passing immunisation: human antibodies from synthetic repertoires of germline VH gene segments rearranged in vitro,1992
517,Greg Winter,718,0,5nter,False,QQOy6PIAAAAJ:_FxGoFyzp5QC,citations,Improved oligonudeotide site-directed rautagenesis using M13 vectors,1985
518,Greg Winter,712,0,5nter,False,QQOy6PIAAAAJ:roLk4NBRz8UC,citations,The binding site for C1q on IgG,1988
519,Greg Winter,696,0,5nter,False,QQOy6PIAAAAJ:LkGwnXOMwfcC,citations,Antibody framework residues affecting the conformation of the hypervariable loops,1992
520,James Allison,3622,0,6ison,False,Vq6NVkAAAAAJ:u-x6o8ySG0sC,citations,Restoring function in exhausted CD8 T cells during chronic viral infection,2006
521,James Allison,2872,0,6ison,False,Vq6NVkAAAAAJ:9yKSN-GCB0IC,citations,Enhancement of antitumor immunity by CTLA-4 blockade,1996
522,James Allison,2208,0,6ison,False,Vq6NVkAAAAAJ:35N4QoGY0k4C,citations,The future of immune checkpoint therapy,2015
523,James Allison,1918,0,6ison,False,Vq6NVkAAAAAJ:UeHWp8X0CEIC,citations,CD28 and CTLA-4 have opposing effects on the response of T cells to stimulation.,1995
524,James Allison,1837,0,6ison,False,Vq6NVkAAAAAJ:d1gkVwhDpl0C,citations,CD28-mediated signalling co-stimulates murine T cells and prevents induction of anergy in T-cell clones,1992
525,James Allison,1634,0,6ison,False,Vq6NVkAAAAAJ:qjMakFHDy7sC,citations,Cancer regression and autoimmunity induced by cytotoxic T lymphocyte-associated antigen 4 blockade in patients with metastatic melanoma,2003
526,James Allison,1474,0,6ison,False,Vq6NVkAAAAAJ:Se3iqnhoufwC,citations,Immunologic correlates of the abscopal effect in a patient with melanoma,2012
527,James Allison,1434,0,6ison,False,Vq6NVkAAAAAJ:2osOgNQ5qMEC,citations,Tumor rejection after direct costimulation of CD8+ T cells by B7-transfected melanoma cells,1993
528,James Allison,1377,0,6ison,False,Vq6NVkAAAAAJ:roLk4NBRz8UC,citations,PD-1 and CTLA-4 combination blockade expands infiltrating T cells and reduces regulatory T and myeloid cells within B16 melanoma tumors,2010
529,James Allison,1242,0,6ison,False,Vq6NVkAAAAAJ:isC4tDSrTZIC,citations,Checkpoint blockade cancer immunotherapy targets tumour-specific mutant antigens,2014
530,James Allison,1221,0,6ison,False,Vq6NVkAAAAAJ:q3oQSFYPqjQC,citations,Immune checkpoint targeting in cancer therapy: toward combination strategies with curative potential,2015
531,James Allison,1176,0,6ison,False,Vq6NVkAAAAAJ:IjCSPb-OGe4C,citations,Synergism of Cytotoxic T Lymphocyte–Associated Antigen 4 Blockade and Depletion of Cd25+ Regulatory T Cells in Antitumor Therapy Reveals Alternative …,2001
532,James Allison,1165,0,6ison,False,Vq6NVkAAAAAJ:j3f4tGmQtD8C,citations,Depletion of carcinoma-associated fibroblasts and fibrosis induces immunosuppression and accelerates pancreas cancer with reduced survival,2014
533,James Allison,1131,0,6ison,False,Vq6NVkAAAAAJ:m92CDrhVnKEC,citations,Gut microbiome modulates response to anti–PD-1 immunotherapy in melanoma patients,2018
534,James Allison,1126,0,6ison,False,Vq6NVkAAAAAJ:_FxGoFyzp5QC,citations,The prioritization of cancer antigens: a national cancer institute pilot project for the acceleration of translational research,2009
535,James Allison,1039,0,6ison,False,Vq6NVkAAAAAJ:zYLM7Y9cAGgC,citations,Combination immunotherapy of B16 melanoma using anti–cytotoxic T lymphocyte–associated antigen 4 (CTLA-4) and granulocyte/macrophage colony-stimulating factor (GM-CSF …,1999
536,James Allison,994,0,6ison,False,Vq6NVkAAAAAJ:Y0pCki6q_DkC,citations,Biologic activity of cytotoxic T lymphocyte-associated antigen 4 antibody blockade in previously vaccinated metastatic melanoma and ovarian carcinoma patients,2003
537,James Allison,959,0,6ison,False,Vq6NVkAAAAAJ:YsMSGLbcyi4C,citations,CTLA-4-MEDIATED INHIBITION IN REGULATION OF T CELL RESPONSES: Mechanisms and Manipulation in Tumor Immunotherapy,2001
538,James Allison,956,0,6ison,False,Vq6NVkAAAAAJ:Tyk-4Ss8FVUC,citations,ICOS co-stimulatory receptor is essential for T-cell activation and function,2001
539,James Allison,941,0,6ison,False,Vq6NVkAAAAAJ:hFOr9nPyWt4C,citations,Fc-dependent depletion of tumor-infiltrating regulatory T cells co-defines the efficacy of anti–CTLA-4 therapy against melanoma,2013
540,Gregg L. Semenza,6657,0,8enza,False,fX-_IToAAAAJ:c1e4I3QdEKYC,citations,Guidelines for the use and interpretation of assays for monitoring autophagy,2016
541,Gregg L. Semenza,6482,0,8enza,False,fX-_IToAAAAJ:u5HHmVD_uO8C,citations,Targeting HIF-1 for cancer therapy,2003
542,Gregg L. Semenza,6226,0,8enza,False,fX-_IToAAAAJ:u-x6o8ySG0sC,citations,Hypoxia-inducible factor 1 is a basic-helix-loop-helix-PAS heterodimer regulated by cellular O2 tension,1995
543,Gregg L. Semenza,4144,0,8enza,False,fX-_IToAAAAJ:d1gkVwhDpl0C,citations,Activation of vascular endothelial growth factor gene transcription by hypoxia-inducible factor 1.,1996
544,Gregg L. Semenza,3204,0,8enza,False,fX-_IToAAAAJ:9yKSN-GCB0IC,citations,Overexpression of hypoxia-inducible factor 1α in common human cancers and their metastases,1999
545,Gregg L. Semenza,3165,0,8enza,False,fX-_IToAAAAJ:2osOgNQ5qMEC,citations,A nuclear factor induced by hypoxia via de novo protein synthesis binds to the human erythropoietin gene enhancer at a site required for transcriptional activation.,1992
546,Gregg L. Semenza,3121,0,8enza,False,fX-_IToAAAAJ:zYLM7Y9cAGgC,citations,HIF-1: mediator of physiological and pathophysiological responses to hypoxia,2000
547,Gregg L. Semenza,2800,0,8enza,False,fX-_IToAAAAJ:Tyk-4Ss8FVUC,citations,HIF-1-mediated expression of pyruvate dehydrogenase kinase: a metabolic switch required for cellular adaptation to hypoxia,2006
548,Gregg L. Semenza,2585,0,8enza,False,fX-_IToAAAAJ:qjMakFHDy7sC,citations,Cellular and developmental control of O2 homeostasis by hypoxia-inducible factor 1α,1998
549,Gregg L. Semenza,2252,0,8enza,False,fX-_IToAAAAJ:IjCSPb-OGe4C,citations,Purification and characterization of hypoxia-inducible factor 1,1995
550,Gregg L. Semenza,2220,0,8enza,False,fX-_IToAAAAJ:UeHWp8X0CEIC,citations,Regulation of Mammalian O2 Homeostasis by Hypoxia-Inducible Factor 1,1999
551,Gregg L. Semenza,1971,0,8enza,False,fX-_IToAAAAJ:YOwf2qJgpHMC,citations,Hypoxia-inducible factors in physiology and medicine,2012
552,Gregg L. Semenza,1866,0,8enza,False,fX-_IToAAAAJ:Y0pCki6q_DkC,citations,Transcriptional regulation of genes encoding glycolytic enzymes by hypoxia-inducible factor 1.,1994
553,Gregg L. Semenza,1781,0,8enza,False,fX-_IToAAAAJ:W7OEmFMy1HYC,citations,Modulation of hypoxia-inducible factor 1α expression by the epidermal growth factor/phosphatidylinositol 3-kinase/PTEN/AKT/FRAP pathway in human prostate cancer cells …,2000
554,Gregg L. Semenza,1688,0,8enza,False,fX-_IToAAAAJ:YsMSGLbcyi4C,citations,"Hypoxia response elements in the aldolase A, enolase 1, and lactate dehydrogenase A gene promoters contain essential binding sites for hypoxia-inducible factor 1",1996
555,Gregg L. Semenza,1538,0,8enza,False,fX-_IToAAAAJ:WF5omc3nYNoC,citations,General involvement of hypoxia-inducible factor 1 in transcriptional response to hypoxia.,1993
556,Gregg L. Semenza,1535,0,8enza,False,fX-_IToAAAAJ:MXK_kJrjxJIC,citations,Defining the role of hypoxia-inducible factor 1 in cancer biology and therapeutics,2010
557,Gregg L. Semenza,1473,0,8enza,False,fX-_IToAAAAJ:eQOLeE2rZwMC,citations,HER2 (neu) signaling increases the rate of hypoxia-inducible factor 1α (HIF-1α) synthesis: novel mechanism for HIF-1-mediated vascular endothelial growth factor expression,2001
558,Gregg L. Semenza,1441,0,8enza,False,fX-_IToAAAAJ:Se3iqnhoufwC,citations,FIH-1: a novel protein that interacts with HIF-1α and VHL to mediate repression of HIF-1 transcriptional activity,2001
559,Gregg L. Semenza,1418,0,8enza,False,fX-_IToAAAAJ:ufrVoPGSRksC,citations,Regulation of tumor angiogenesis by p53-induced degradation of hypoxia-inducible factor 1α,2000
560,Abhijit Banerjee,7576,0,9rjee,False,HLpqZooAAAAJ:tKAzc9rXhukC,citations,A simple model of herd behavior,1992
561,Abhijit Banerjee,3647,0,9rjee,False,HLpqZooAAAAJ:0izLItjtcgwC,citations,Occupational choice and the process of development,1993
562,Abhijit Banerjee,3277,0,9rjee,False,HLpqZooAAAAJ:738O_yMBCRsC,citations,Poor economics: A radical rethinking of the way to fight global poverty,2011
563,Abhijit Banerjee,2059,0,9rjee,False,HLpqZooAAAAJ:0KyAp5RtaNEC,citations,The miracle of microfinance? Evidence from a randomized evaluation,2015
564,Abhijit Banerjee,1961,0,9rjee,False,HLpqZooAAAAJ:ipzZ9siozwsC,citations,The economic lives of the poor,2007
565,Abhijit Banerjee,1476,0,9rjee,False,HLpqZooAAAAJ:8k81kl-MbHgC,citations,Inequality and growth: What can the data say?,2003
566,Abhijit Banerjee,1432,0,9rjee,False,HLpqZooAAAAJ:ZeXyd9-uunAC,citations,Remedying education: Evidence from two randomized experiments in India,2007
567,Abhijit Banerjee,1367,0,9rjee,False,HLpqZooAAAAJ:Ri6SYOTghG4C,citations,"History, institutions, and economic performance: The legacy of colonial land tenure systems in India",2005
568,Abhijit Banerjee,1244,0,9rjee,False,HLpqZooAAAAJ:ubry08Y2EpUC,citations,Growth theory through the lens of development economics,2005
569,Abhijit Banerjee,1031,0,9rjee,False,HLpqZooAAAAJ:YohjEiUPhakC,citations,The diffusion of microfinance,2013
570,Abhijit Banerjee,943,0,9rjee,False,HLpqZooAAAAJ:OTTXONDVkokC,citations,"""Thy neighbor's keeper: The design of a credit cooperative ""with theory and a test",1994
571,Abhijit Banerjee,841,0,9rjee,False,HLpqZooAAAAJ:7PzlFSSx8tAC,citations,Do firms want to borrow more? Testing credit constraints using a directed lending program,2014
572,Abhijit Banerjee,830,0,9rjee,False,HLpqZooAAAAJ:M05iB0D1s5AC,citations,What is middle class about the middle classes around the world?,2008
573,Abhijit Banerjee,789,0,9rjee,False,HLpqZooAAAAJ:wbdj-CoPYUoC,citations,A theory of misgovernance,1997
574,Abhijit Banerjee,764,0,9rjee,False,HLpqZooAAAAJ:J-pR_7NvFogC,citations,Currency crises and monetary policy in an economy with credit constraints,2001
575,Abhijit Banerjee,714,0,9rjee,False,HLpqZooAAAAJ:4fKUyHm3Qg0C,citations,Reputation effects and the limits of contracting: A study of the Indian software industry,2000
576,Abhijit Banerjee,696,0,9rjee,False,HLpqZooAAAAJ:tOudhMTPpwUC,citations,On the road: Access to transportation infrastructure and economic growth in China,2012
577,Abhijit Banerjee,677,0,9rjee,False,HLpqZooAAAAJ:L8Ckcad2t8MC,citations,Six randomized evaluations of microcredit: Introduction and further steps,2015
578,Abhijit Banerjee,675,0,9rjee,False,HLpqZooAAAAJ:fPk4N6BV_jEC,citations,Empowerment and efficiency: Tenancy reform in West Bengal,2002
579,Abhijit Banerjee,611,0,9rjee,False,HLpqZooAAAAJ:_OXeSy2IsFwC,citations,The experimental approach to development economics,2009
